id,unit,name,start,end,agency,acres,cause
TGU-803,Mendocino NFMNF--154,Town,2000-03-31,4/5/2000,USFS,1500,escape control
MNF-177,Mendocino NF,Cabbage,2000-04-01,4/1/2000,USFS,1540,?
TGU-851,Mendocino NF MNF_178,Franklin,2000-04-02,4/3/2000,USFS,400,na
LMU-630,Lassen NF,PNF 151 (Robinson),2000-04-04,4/5/2000,USFS,500,na
BDU-4016,Mono County,Assist (Azusa),2000-05-29,6/1/2000,USFS,740,Campfire
TUU-4863,Tulare,Elephant,2000-06-01,6/1/2000,CDF,497,Control Burn
ANF-2059,Los Angeles,Dry,2000-06-06,6/6/2000,USFS,356,Under Invest.
VNC-14831,Ventura,Calabasas,2000-06-11,6/11/2000,CC,800,Under Invest.
LNU-3087,Napa,Berryessa,2000-06-13,6/16/2000,CDF,5731,Equip. Use
BTU-5945,Butte,Larkin,2000-06-13,6/13/2000,CDF,475,Under Invest.
TUU-5549,Tulare,Lindsay,2000-06-18,6/18/2000,CDF,400,Arson
VNC-16413,Ventura,Telegraph,2000-06-26,6/26/2000,CC,400,Equip. Use
VNC-16413,Ventura,Telegraph,2000-06-26,6/26/2000,CC,400,Equip. Use
TUU-5954,Tulare,Richgrove,2000-06-28,6/28/2000,CDF,450,Elec. Power
TUU-5954,Tulare,Richgrove,2000-06-28,6/28/2000,CDF,450,Elec. Power
MVU-4431,San Diego (exp002 in),Barrett,2000-06-29,6/30/2000,CDF,2000,Under Invest.
MVU-4431,San Diego (exp002 in),Barrett,2000-06-29,6/30/2000,CDF,2000,Under Invest.
MMU-9447,Mariposa,Granite,2000-07-02,7/4/2000,CDF,2000,Shooter
MMU-9447,Mariposa,Granite,2000-07-02,7/4/2000,CDF,2000,Shooter
BDU-5166,San Bernardino,Citrus,2000-07-03,7/4/2000,CDF,600,Under Invest.
BDU-5166,San Bernardino,Citrus,2000-07-03,7/4/2000,CDF,600,Under Invest.
BDU-5318,San Bernardino,Assist (Morgan),2000-07-07,7/8/2000,USFS,300,Under Invest.
BDU-5318,San Bernardino,Assist (Morgan),2000-07-07,7/8/2000,USFS,300,Under Invest.
TUU-6521,Tulare,Success,2000-07-09,7/9/2000,CDF,320,Arson
TUU-6521,Tulare,Success,2000-07-09,7/9/2000,CDF,320,Arson
LMU-1817,Lassen,Goat,2000-07-17,7/20/2000,CDF,1084,Campfire
LMU-1817,Lassen,Goat,2000-07-17,7/20/2000,CDF,1084,Campfire
SKU-2492,Siskiyou,Bark KNF Assist #12,2000-07-21,7/26/2000,USFS,1715,Under Invest.
SKU-2492,Siskiyou,Bark KNF Assist #12,2000-07-21,7/26/2000,USFS,1715,Under Invest.
BBD-1891,San Luis Obispo,Shell,2000-07-22,7/22/2000,USFS,6300,Under Invest.
BBD-1891,San Luis Obispo,Shell,2000-07-22,7/22/2000,USFS,6300,Under Invest.
MVU-5080,San Diego,Assist #18 Buckman,2000-07-22,7/22/2000,USFS,300,Under Invest.
MVU-5080,San Diego,Assist #18 Buckman,2000-07-22,7/22/2000,USFS,300,Under Invest.
BDU-5882,Inyo fire #168,Happy Camp,2000-07-23,7/28/2000,BLM,5500,Under Invest.
BDU-5882,Inyo fire #168,Happy Camp,2000-07-23,7/28/2000,BLM,5500,Under Invest.
SQF-1883,Tulare,Manter,2000-07-24,8/9/2000,USFS,74439,Under Invest.
SQF-1883,Tulare,Manter,2000-07-24,8/9/2000,USFS,74439,Under Invest.
LNU-4423,Lake-Napa,Morgan,2000-07-26,7/27/2000,CDF,3283,Undetermined
SKU-2574,Siskiyou,Corp. #13,2000-07-26,7/26/2000,CDF,813,Railroad
SCU-2756,Santa Clara,Patterson,2000-07-26,7/27/2000,CDF,432,Undetermined
SCU-2756,Santa Clara,Patterson,2000-07-26,7/27/2000,CDF,432,Undetermined
RRU-48329,Riverside,State (Pachenga),2000-07-29,8/9/2000,CDF,11900,Under Invest.
LMU-2018,Nevada (State),Arrowcreek,2000-08-01,8/1/2000,NEVADA,2900,na
BDU-6114,Mono County,Golden II,2000-08-01,8/8/2000,BLM,2150,Lightning
TUU-7396,Kern County (Tulare),Chance,2000-08-01,8/5/2000,CC,1200,Lightning
LMU-2017,Nevada (State),Redrock,2000-08-01,8/1/2000,NEVADA,1000,Lightning
TUU-7440,Kern County (Tulare),King,2000-08-02,8/9/2000,CC,3243,Lightning
LNU-4679,Yolo,Winters,2000-08-02,8/2/2000,CDF,380,Undetermined
NEU-11785,Placer,Drivers,2000-08-02,8/4/2000,CDF,360,Under Invest.
TUU-73431,Kern County (Tulare),Peak,2000-08-02,8/4/2000,CC,300,Lightning
BEU-2783,San Benito,Northfork (5 EXP.),2000-08-03,8/7/2000,CDF,1773,Equip. Use
BDU-6121,Inyo NF,Sawmill,2000-08-03,8/3/2000,USFS,350,Lightning
TCU-4955,Calaveras,Parrotts,2000-08-05,8/6/2000,CDF,700,Undetermined
MMU-11933,Merced,Romero,2000-08-09,9/9/2000,CDF,1200,Undetermined
FKU-8628,Fresno,Highway,2000-08-13,8/17/2000,CDF,700,Arson
SHU-6728,Shasta,Union,2000-08-14,8/15/2000,CDF,350,Equip. Use
BTU-9072,Plumas,Storrie,2000-08-17,9/9/2000,USFS,55261,Railroad
SKU-3009,Siskiyou,"Corp. #15, Cooley",2000-08-17,8/17/2000,CDF,600,Railroad
SLU-3684,San Luis Obispo,Blech,2000-08-21,8/21/2000,CDF,463,Undetermined
MMU-12981,Mariposa,Hunter,2000-08-27,9/4/2000,CDF,8084,Equip. Use
MMU-12981,Mariposa,Hunter,2000-08-27,9/4/2000,CDF,8084,Equip. Use
FKU-9369,Fresno,FKU 9369,2000-08-30,8/31/2000,LOCAL,300,Undetermined
FKU-9369,Fresno,FKU 9369,2000-08-30,8/31/2000,LOCAL,300,Undetermined
RRU-58237,Riverside fire#1454,Black Ranch,2000-09-09,9/11/2000,CDF,475,Shooting
RRU-58237,Riverside fire#1454,Black Ranch,2000-09-09,9/11/2000,CDF,475,Shooting
ORC-50963,Orange,TRW Fire,2000-09-10,9/10/2000,CC,480,Under Invest.
ORC-50963,Orange,TRW Fire,2000-09-10,9/10/2000,CC,480,Under Invest.
SBC-5687,Santa Barbara,Harris,2000-09-13,9/18/2000,CC,9700,Under Invest.
SBC-5687,Santa Barbara,Harris,2000-09-13,9/18/2000,CC,9700,Under Invest.
BDU-7525,Los Angeles LAC162392,Yucca,2000-09-13,9/13/2000,CC,868,Under Invest.
BDU-7525,Los Angeles LAC162392,Yucca,2000-09-13,9/13/2000,CC,868,Under Invest.
BDU-8329,Los Angeles,Paradise,2000-09-13,9/13/2000,USFS,427,Under Invest.
BDU-8329,Los Angeles,Paradise,2000-09-13,9/13/2000,USFS,427,Under Invest.
MVU-6514,San Diego,Lyons,2000-09-13,9/14/2000,USFS,400,Arson
MVU-6514,San Diego,Lyons,2000-09-13,9/14/2000,USFS,400,Arson
BTU-10476,Butte,Concow,2000-09-19,9/22/2000,CDF,1835,Equip. Use
BTU-10476,Butte,Concow,2000-09-19,9/22/2000,CDF,1835,Equip. Use
LNU-6288,Yolo,Sixteen,2000-09-21,7/9/2002,CDF,400,Arson
LNU-6288,Yolo,Sixteen,2000-09-21,7/9/2002,CDF,400,Arson
TGU-3715,Tehama (3 exp),Weinstein,2000-09-29,10/2/2000,CDF,8284,escape control
TGU-3715,Tehama (3 exp),Weinstein,2000-09-29,10/2/2000,CDF,8284,escape control
FKU-10923,Fresno,Worsham,2000-10-06,10/6/2000,LOCAL,500,Vehicle
FKU-10923,Fresno,Worsham,2000-10-06,10/6/2000,LOCAL,500,Vehicle
LNU-7151,Lake,Hidden,2000-10-21,10/27/2000,CDF,4500,Elec. Power
LNU-7151,Lake,Hidden,2000-10-21,10/27/2000,CDF,4500,Elec. Power
AEU-14243,El Dorado,Latrobe,2000-10-21,10/21/2000,CDF,750,Elec. Power
AEU-14243,El Dorado,Latrobe,2000-10-21,10/21/2000,CDF,750,Elec. Power
FKU-19,Sequoia NF,USFS #1,2001-01-01,1/4/2001,USFS,303,na
MVU-53,San Diego,Viejas,2001-01-03,1/8/2001,CDF,10353,Smoking
SKU-1500,Siskiyou,Jones,2001-05-09,5/14/2001,USFS,1440,Debris
TGU-2166,Tehama,M-9 Fire,2001-05-09,5/9/2001,USFS,351,Under Invest.
BTU-5556,Butte,Larkin,2001-05-20,5/21/2001,LOCAL,400,Equip. Use
LMU-00993,Lassen-Modoc,Hilton,2001-05-20,5/23/2001,CDF,390,Debris
SQF-622,Tulare,White,2001-05-23,5/26/2001,USFS,332,Under Invest.
LMU-01100,Lassen,Devil,2001-05-27,6/1/2001,CDF,4400,Equip. Use
TGU-2791,Tehama,Freeman,2001-05-29,5/29/2001,CDF,390,Vehicle
SHU-4405,Trinity,Big,2001-06-02,6/3/2001,USFS,800,Under Invest.
4269 no rept.,Imperial,Powerline,2001-06-03,6/3/2001,BLM,777,Under Invest.
HUU-002020,Humboldt,Flat,2001-06-05,6/5/2001,CDF,300,Campfire
AEU-8312,Amador,Jackson,2001-06-13,6/13/2001,CDF,2240,Welding
MMU-9668,Madera-Mariposa,165,2001-06-13,6/13/2001,LOCAL,1500,Undetermined
MMU-9668,Merced,Assist SNF-562,2001-06-13,6/13/2001,LOCAL,1200,Under Invest.
BEU-2101,San Benito,San Benito Cattle Co.,2001-06-13,6/13/2001,CDF,580,Arson
MMU-9689,Merced,Merced Falls Fire,2001-06-13,6/14/2001,CDF,400,Weadeater
TGU-3132,Tehama,Hog,2001-06-13,6/13/2001,CDF,340,Equip. Use
BDU-4825,San Bernardino,Hemlock,2001-06-14,6/20/2001,USFS,1074,Escape
MMU-9893,Merced,Pacheco,2001-06-16,6/17/2001,CDF,1550,Vehicle
BDU4918,San Bernardino,Shinn,2001-06-16,6/18/2001,USFS,300,Under Invest.
NEU-9855,Nevada,Martis,2001-06-17,7/1/2001,DF/USF,14500,Campfire
TGU-3255,Tehama,Red Bank,2001-06-17,6/17/2001,CDF,650,Vehicle
RRU-41162,Riverside Palm Spgs.,Tram,2001-06-17,6/18/2001,CDF,393,Arson
SQF-1152,Kern,Canyon,2001-06-18,6/19/2001,USFS,566,Under Invest.
RRU-42668,Riverside,Watkins,2001-06-23,6/24/2001,CDF,1407,Arson
MEU-4411,Mendocino,Ridge,2001-06-23,6/25/2001,CDF,610,Equip. Use
SQF-1225,Tulare Sequoia NF,Democrat,2001-06-23,6/25/2001,USFS,550,Under Invest.
AEU-8916,Amador,Bevan,2001-06-23,6/23/2001,CDF,500,Equip. Use
TUU-6158,Tulare,Vander Bowen,2001-06-29,6/29/2001,CDF,596,Vehicle
MMU-10898,Merced,McNamammara,2001-07-01,7/1/2001,LOCAL,700,Undetermined
BDU5620,Inyo NF,McLaughlin,2001-07-02,7/5/2001,USFS,2900,Lightning
TCU-4586,Calaveras,Lake,2001-07-03,7/3/2001,CDF,550,Misc.
AEU-9653,Sacramento,Payen,2001-07-05,7/5/2001,CDF,300,Elec. Power
AEU-9735,Amador,Sixteen,2001-07-06,7/6/2001,CDF,550,Undetermined
RRU-47010,Riverside,Ballinger,2001-07-09,7/9/2001,CDF,350,Undetermined
RRU-47545,Riverside,Silent,2001-07-11,7/12/2001,CDF,548,Equip. Use
YNP-1655,Mariposa/Yosemite NP,Hoover Complex,2001-07-13,7/13/2001,NPS,8007,Lightning
MMU-11907,Merced,Crane,2001-07-16,7/16/2001,LOCAL,900,Under Invest.
RRU-50309,Riverside,Reche,2001-07-22,7/23/2001,CDF,1798,Vehicle
MMU-12399,Mariposa/SNF,Briceburg,2001-07-24,7/25/2001,CDF,800,Under Invest.
BTU-8762,Lassen,Stream,2001-07-26,7/26/2001,USFS,3560,Lightning
BDU-6307,San Bernardino,Shelby,2001-07-27,7/28/2001,CDF,729,Railroad
SHU-7073,Shasta,Powerhouse,2001-07-28,8/1/2001,CDF,490,Undetermined
AEU-11228,Sacramento,Clay,2001-07-31,7/31/2001,CDF,535,Misc.
SCU-3270,Stanislaus,Del Puerto,2001-08-03,8/4/2001,CDF,400,Campfire
MNF-667,"Mendocino NF/Colusa,Glenn",Trough,2001-08-08,8/20/2001,USFS,24970,Undetermined
LMU-2549,Modoc,Modoc Complex,2001-08-08,8/8/2001,USFS,5367,Lightning
NOD-2187,Modoc,Cowhead/BLM D438,2001-08-08,8/9/2001,BLM,1670,Lightning
LMU-2178,Lassen,BLM D431 Shaffer,2001-08-08,8/8/2001,BLM,1100,Lightning
LMU-2228,Lassen,Observation,2001-08-09,8/12/2002,USFS,67700,Lightning
LMU-2248,Modoc NF,Blue Complex,2001-08-09,8/10/2002,USFS,37950,Lightning
SHU-7419,Shasta,East Fire,2001-08-09,8/10/2001,CDF,624,Elec. Power
BDU-6857,Mono,Assist Crater,2001-08-12,8/15/2001,USFS,5800,Lightning
NEU-14033,Placer/Tahoe NF,GAP,2001-08-12,8/17/2001,USFS,2462,Under Invest.
NEU-14053,Nevada Desert,Buzz,2001-08-12,8/12/2001,BLM,2206,Lightning
MVU-5576,Cleveland NF/MVU,Orosco,2001-08-14,8/15/2001,DF/USF,813,Under Invest
NEU-14446,Placer,Ponderosa,2001-08-17,8/23/2001,CDF,2780,Vehicle
MMU-14026,Mariposa/Tuolumne,Creek,2001-08-18,8/24/2001,CDF,11095,Arson
TCU- 6112,Calaveras,Leonard,2001-08-19,8/25/2001,CDF,5167,Equip. Use
FKU-10044,Sequoia NF/Fresno,Highway,2001-08-19,8/29/2001,USFS,4152,Arson
MMU-14176,Madera,North Fork,2001-08-20,8/20/2001,CDF,2930,Under Invest.
AEU-12745,El Dorado,Star,2001-08-25,9/22/2001,USFS,16761,Under Invest.
SHU-7984,Trinity,Oregon,2001-08-28,8/31/2001,CDF,1680,Undetermined
SHU-8086,Trinity,Hyampon,2001-08-31,9/5/2001,USFS,1065,Undetermined
TCU-6632,Calaveras,Darby,2001-09-05,9/24/2001,CDF,14280,Undetermined
BTU- 10696,Butte,Poe,2001-09-06,9/12/2001,CDF,8333,Elec. Power
KNF-3902,Siskiyou,Happy Camp Cmplx,2001-09-14,10/10/2001,USFS,8500,Lightning
BDU-8983,Angeles NF,Stables,2001-10-12,10/15/2001,USFS,6544,Under Invest.
BTU-12700,Butte,HWY 70,2001-10-24,10/26/2001,CDF,1711,Arson
TCU-8044,Calaveras,Moore,2001-10-27,10/31/2001,CDF,580,Undetermined
MMU-18913,Merced,Crane,2001-11-02,11/2/2001,LOCAL,330,Undetermined
MVU-8827,San Diego,Bell,2001-12-08,12/11/2001,CDF,1204,Undetermined
RRU-10403,Riverside,Green (State),2002-02-09,2/13/2002,CDF,2400,Elec. Power
MVU-1024,San Diego,Gavilan Fire,2002-02-10,2/15/2002,CDF,5763,VMP Burn
BDU-1909,Inyo,Tecopa,2002-03-05,3/5/2002,BLM,300,n/a
MMU-4085,Madera,Nicholas,2002-03-16,3/16/2002,LOCAL,12000,Debris Burning
RRU-20299,Riverside,Cajalco,2002-03-17,3/17/2002,CDF,575,Undetermined
MVU-2043,San Diego,Aliso,2002-03-21,3/22/2002,MIL,2400,Under Invest.
BDU-2403,Inyo,Airport,2002-03-22,3/24/2002,CDF,846,Undetermined
MVU-2592,San Diego,Bell (Outside Origin),2002-04-13,4/14/2002,CDF,350,Undetermined
RRU-29527,Orange/RRU,Evening Fire,2002-04-21,4/23/2002,CC,657,PWF
HUU-26808,Del Norte,Kellogg,2002-04-28,4/28/2002,CDF,300,Vehicle
MMU-7167,Merced,Myers,2002-05-07,5/7/2002,CDF,320,Undetermined
MMU-7167,Merced,Myers,2002-05-07,5/7/2002,CDF,320,Undetermined
FKU-5607,Fresno,Tivy,2002-05-09,5/10/2002,CDF,680,Elec. Power
FKU-5607,Fresno,Tivy,2002-05-09,5/10/2002,CDF,680,Elec. Power
ANF-1534,Angeles NF,Bouquet,2002-05-11,5/13/2002,USFS,4977,Undetermined
ANF-1534,Angeles NF,Bouquet,2002-05-11,5/13/2002,USFS,4977,Undetermined
CNF-795,Cleveland NF,Mateo,2002-05-13,5/13/2002,USFS,1500,Undetermined
CNF-795,Cleveland NF,Mateo,2002-05-13,5/13/2002,USFS,1500,Undetermined
RRU-35797,Riverside/Orange Co.,State 925 (Antonio),2002-05-13,5/15/2002,CDF,1472,Undetermined
RRU-35797,Riverside/Orange Co.,State 925 (Antonio),2002-05-13,5/15/2002,CDF,1472,Undetermined
MMU-8182,Merced,Ahlem,2002-05-23,5/23/2002,LOCAL,6000,Undetermined
MMU-8182,Merced,Ahlem,2002-05-23,5/23/2002,LOCAL,6000,Undetermined
BDU-4432,Los Angeles,Shannon,2002-05-23,5/23/2002,CC,356,Undetermined
BDU-4432,Los Angeles,Shannon,2002-05-23,5/23/2002,CC,356,Undetermined
BDU-4700,San Bernardino NF,Arrowhead,2002-05-31,6/5/2002,USFS,2688,Under Invest.
BDU-4700,San Bernardino NF,Arrowhead,2002-05-31,6/5/2002,USFS,2688,Under Invest.
LPF-869,Ventura (Las Padres,Wolf,2002-06-01,6/14/2002,USFS,21645,Under Invest.
LPF-869,Ventura (Las Padres,Wolf,2002-06-01,6/14/2002,USFS,21645,Under Invest.
SQF- 1009,Sequoia NF,Rocky(will do),2002-06-02,6/4/2002,USFS,498,Under Invest.
SQF- 1009,Sequoia NF,Rocky(will do),2002-06-02,6/4/2002,USFS,498,Under Invest.
RRU-40281,BDF Riverside,Bee,2002-06-02,6/2/2002,USFS,432,Under Invest.
RRU-40281,BDF Riverside,Bee,2002-06-02,6/2/2002,USFS,432,Under Invest.
BDU-4974,Los Angeles,Copper,2002-06-05,6/12/2002,USFS,23407,Under Invest.
BDU-4974,Los Angeles,Copper,2002-06-05,6/12/2002,USFS,23407,Under Invest.
BTU-6327,Butte,Skyway,2002-06-08,6/9/2002,CDF,2000,Under Invest.
BTU-6327,Butte,Skyway,2002-06-08,6/9/2002,CDF,2000,Under Invest.
AEU-8140,Amador,Twin,2002-06-08,6/8/2002,CDF,300,Undetermined
AEU-8140,Amador,Twin,2002-06-08,6/8/2002,CDF,300,Undetermined
SLU-2909,San Luis Obispo,Davis,2002-06-09,6/9/2002,CDF,2118,Rekindle
SLU-2909,San Luis Obispo,Davis,2002-06-09,6/9/2002,CDF,2118,Rekindle
NEU-8324,Yuba,Field,2002-06-09,6/11/2002,CDF,945,Under Invest.
AEU-8240,Amador,Pony,2002-06-09,6/9/2002,CDF,720,Elec. Power
FKU-7156,Fresno,Area,2002-06-09,6/10/2002,CDF,400,Elec. Power
FKU-7156,Fresno,Area,2002-06-09,6/10/2002,CDF,400,Elec. Power
SKU-1997,Siskiyou,Forks,2002-06-12,6/15/2002,USFS,1400,Under Invest.
TUU-5894,Tulare,State of Calif. #24,2002-06-14,6/14/2002,LOCAL,641,Vehicle
TUU-5931,Kern,Borel,2002-06-15,6/17/2002,CC,3430,Under Invest.
BDU-5283,San Bernardino,Bluecut,2002-06-16,6/22/2002,USFS,6864,Under Invest.
VAF-0364,Santa Barbara (Vand,Sudden Ranch,2002-06-17,6/19/2002,CC,7782,Under Invest.
ANF-1949,Los Angeles,Copo,2002-06-18,6/21/2002,USFS,1460,Under Invest.
SCU-2228,Alameda,Vieux,2002-06-18,6/18/2002,CDF,1029,Elec. Power
RRU-44585,Riverside,Mias (need correct),2002-06-18,6/22/2002,CDF,565,Under Invest.
MVU-4450,San Diego,Troy(4 exp rept with,2002-06-19,6/22/2003,CDF,1188,Campfire
MMU-10060,Madera,Box,2002-06-19,6/19/2002,LOCAL,300,Smoking
TUU-6214,Tulare,Stage,2002-06-22,6/22/2002,CDF,1100,Equip. Use
BDU-5640,San Bernardino,Louisiana,2002-06-26,6/30/2002,USFS,6574,Under Invest.
MMU-10594,Madera,600,2002-06-27,6/27/2002,LOCAL,448,Equip. Use
AEU-9828,El Dorado,Gondola,2002-07-03,7/7/2002,USFS,670,Human
AEU-9828,El Dorado,Gondola,2002-07-03,7/7/2002,USFS,670,Human
MMU-11097,Merced,Cottonwood,2002-07-04,7/4/2002,CDF,1000,Undetermined
MMU-11097,Merced,Cottonwood,2002-07-04,7/4/2002,CDF,1000,Undetermined
MMU-11533,Mariposa,White,2002-07-09,7/10/2002,CDF,300,Smoking
MMU-11533,Mariposa,White,2002-07-09,7/10/2002,CDF,300,Smoking
LMU-2109,Lassen,BLM #596,2002-07-12,7/13/2002,BLM,4500,Lightning
LMU-2109,Lassen,BLM #596,2002-07-12,7/13/2002,BLM,4500,Lightning
LMU-2073,Lassen,Black,2002-07-12,7/13/2002,BLM,300,Lightning
LMU-2073,Lassen,Black,2002-07-12,7/13/2002,BLM,300,Lightning
SRF-3560,Del Norte,Sour Biscuit-Zone 2,2002-07-13,8/2/2002,USFS,28772,Lightning
SRF-3560,Del Norte,Sour Biscuit-Zone 2,2002-07-13,8/2/2002,USFS,28772,Lightning
SKU-2739,Siskiyou,Mussolini,2002-07-13,7/16/2002,CDF,3260,Equip. Use
SKU-2739,Siskiyou,Mussolini,2002-07-13,7/16/2002,CDF,3260,Equip. Use
MVU-5177,San Diego,Garnet,2002-07-13,7/16/2002,USFS/CDF,1166,Undetermined
MVU-5177,San Diego,Garnet,2002-07-13,7/16/2002,USFS/CDF,1166,Undetermined
LMU-3180,Lassen,BLM #587,2002-07-13,7/20/2002,BLM,500,Lightning
LMU-3180,Lassen,BLM #587,2002-07-13,7/20/2002,BLM,500,Lightning
LMU-2124,Modoc,Knox/Annie,2002-07-14,7/14/2002,BLM,300,Lightning
LMU-2124,Modoc,Knox/Annie,2002-07-14,7/14/2002,BLM,300,Lightning
BDU-6371,Inyo,Inyo Complex,2002-07-15,7/16/2002,USFS,6550,Lightning
BDU-6371,Inyo,Inyo Complex,2002-07-15,7/16/2002,USFS,6550,Lightning
NOD-2085,Lassen,Horse Complex,2002-07-15,7/15/2002,BLM,1580,Lightning
NOD-2085,Lassen,Horse Complex,2002-07-15,7/15/2002,BLM,1580,Lightning
SLU-4041,San Luis Obispo,HWY 58,2002-07-18,7/19/2002,CDF,1380,Arson
SLU-4041,San Luis Obispo,HWY 58,2002-07-18,7/19/2002,CDF,1380,Arson
TUU-7693,Tulare,McNally,2002-07-21,9/3/2002,USFS,150696,Human
TUU-7693,Tulare,McNally,2002-07-21,9/3/2002,USFS,150696,Human
TUU-7497,Kern,Deer,2002-07-21,7/24/2002,USFS,1800,Under Invest.
TUU-7497,Kern,Deer,2002-07-21,7/24/2002,USFS,1800,Under Invest.
SKU-3049,Siskiyou,Stanza,2002-07-26,8/2/2002,USFS,2880,Lightning
SKU-3049,Siskiyou,Stanza,2002-07-26,8/2/2002,USFS,2880,Lightning
AEU-11411,El Dorado,St. Pauli,2002-07-26,7/28/2002,USFS,320,Under Invest.
AEU-11411,El Dorado,St. Pauli,2002-07-26,7/28/2002,USFS,320,Under Invest.
HUU-3522,Del Norte,Shelly Creek,2002-07-28,8/1/2002,USFS,850,Under Invest.
HUU-3522,Del Norte,Shelly Creek,2002-07-28,8/1/2002,USFS,850,Under Invest.
MVU-5658,San Diego need exp,Pines,2002-07-29,8/16/2002,CDF,61690,Elec. Power
MVU-5658,San Diego need exp,Pines,2002-07-29,8/16/2002,CDF,61690,Elec. Power
SCU-3198,Contra Costa,Vasco,2002-08-05,8/5/2002,CDF,549,Undetermined
SCU-3198,Contra Costa,Vasco,2002-08-05,8/5/2002,CDF,549,Undetermined
LNU-6171,Napa,Pope,2002-08-09,8/10/2002,CDF,800,Equip. Use
LNU-6171,Napa,Pope,2002-08-09,8/10/2002,CDF,800,Equip. Use
BEU-3023,Monterey,Ft. Hunter Ligget,2002-08-10,8/11/2002,MIL,1400,Under Invest.
BEU-3023,Monterey,Ft. Hunter Ligget,2002-08-10,8/11/2002,MIL,1400,Under Invest.
RRU-58948,Riverside,Bryant,2002-08-11,8/12/2002,CDF,498,Play/W/Fire
HUU-3893,Humboldt,Supply HIA Assist #1,2002-08-14,8/18/2002,BIA,410,Under Invest.
SLU-4854,San Luis Obispo,Redhill,2002-08-17,8/19/2002,USFS,715,Under Invest.
AEU-12859,El Dorado,Showers,2002-08-19,8/21/2002,USFS,384,Human
MVU-6486,San Diego,Assist #73,2002-08-24,8/25/2002,USFS,850,Undetermined
BDU-8188,San Bernardino,Lytle,2002-08-29,9/4/2002,USFS,554,Under Invest.
AEU-13579,El Dorado,Hickok,2002-08-31,8/31/2002,CDF,775,Play/W/Fire
BDU-8451,Los Angeles,Curve BDU8451 379,2002-09-01,9/5/2003,USFS,20857,Under Invest.
BDU-8584,Los Angeles,Freeway,2002-09-01,9/3/2002,CC,1043,Under Invest.
BDU-8585,Los Angeles,Leona,2002-09-03,9/6/2002,USFS,5124,Under Invest.
SHU-8454,Shasta,Squirrel,2002-09-03,9/3/2002,CDF,625,Smoking
BDU-8607,Los Angeles County,Mountain,2002-09-09,9/11/2002,CC,1200,Under Invest.
BDU-8607,Los Angeles County,Mountain,2002-09-09,9/11/2002,CC,1200,Under Invest.
BDU-8776,Los Angeles,Oasis Inc.,2002-09-14,9/14/2002,CC,1305,Under Invest.
BDU-8776,Los Angeles,Oasis Inc.,2002-09-14,9/14/2002,CC,1305,Under Invest.
MEU-7499,Mendocino,Burns,2002-09-19,9/20/2002,CDF,485,Undetermined
MEU-7499,Mendocino,Burns,2002-09-19,9/20/2002,CDF,485,Undetermined
BDU-9244,Los Angeles,Williams,2002-09-22,10/7/2002,CC,38094,Under Invest.
BDU-9244,Los Angeles,Williams,2002-09-22,10/7/2002,CC,38094,Under Invest.
SCU-4160,Santa Clara,Croy,2002-09-23,9/28/2002,CDF,3127,Elec. Power
SCU-4160,Santa Clara,Croy,2002-09-23,9/28/2002,CDF,3127,Elec. Power
BDU-9108,Inyo,Paiute,2002-09-24,9/24/2002,USFS,391,Human
BDU-9108,Inyo,Paiute,2002-09-24,9/24/2002,USFS,391,Human
LMU-3269,Lassen,Cone,2002-09-26,9/30/2002,USFS,2006,Under Invest.
LNU-8020,Yolo,Sixteen,2002-10-01,10/2/2002,CDF,1500,Undetermined
TGU-6124,Tehama,,2002-10-01,10/1/2002,CDF,300,Vehicle
TCU-9171,Calaveras,Sourgrass Complex,2002-11-25,11/30/2002,CDF,635,Debris Burning
SNF-1576,Madera,Rock Creek 2,2002-11-25,11/27/2002,USFS,415,
AEU-18819,El Dorado,Plum,2002-11-26,11/28/2002,USFS,1765,
BDU-1061,Los Angeles,Assist (Pacific),2003-01-06,1/7/2003,CC,1300,n/a
RRU-15024,Riverside,Local,2003-02-23,2/23/2003,Local,12000,Escape
BDU-3731,Mono,Lundy,2003-04-24,4/26/2003,Local,600,n/a
TUU-4174,Tulare,Delima,2003-05-03,5/3/2003,Local,3000,Misc.
BEU-1514,San Benito,New Idria/Griswold,2003-05-18,5/18/2003,USFS,628,Vehicle
FKU-6009,Fresno,FKU-6009,2003-05-28,5/28/2003,Local,1000,Smoking
SCU-1735,Stanislaus,Del Puerto Cyn.,2003-05-29,6/1/2003,CDF,597,Equip. Use
SCU-1791,San Joaquin,Bird,2003-06-01,6/1/2003,CDF,6804,Equip. Use
MMU-9021,Merced,Fish (McNamera),2003-06-02,6/2/2003,Local,650,Debris Burning
MMU-9232,Merced,SNF Assist (165),2003-06-05,6/10/2003,USFS,300,n/a
TUU-5638,Kern,Shallock,2003-06-06,6/6/2003,CC,564,vehicle
TGU-3255,Tehama,Gyle,2003-06-10,6/10/2003,Local,300,Equip. Use
MMU-9901,Merced,152,2003-06-15,6/16/2003,CDF,1558,Munition
TUU-6106,Kern,Caliente,2003-06-16,6/17/2003,CC,1223,n/a
MVU-4134,San Diego,Sycamore,2003-06-17,6/18/2003,CDF,404,n/a
BDU-11055,Inyo NF,Assist ABC Misc.,2003-06-18,6/22/2003,USFS,1173,Lightning
FKU-7076,Fresno,FKU-7076,2003-06-19,6/19/2003,Local,15000,Hostile Fire
MMU-10475,Madera,26 Fire,2003-06-23,6/23/2003,CDF,700,Undetermined
TGU-003554,Tehama,Nature,2003-06-23,6/23/2003,CDF,610,Undetermined
BTU-006701,Butte,Hwy 70,2003-06-24,6/24/2003,Local,368,Vehicle
RRU-48718,Riverside,Sawmill,2003-06-26,7/1/2003,CC,536,n/a
TUU-6501,Kern,Kern #8 (Martinez #2),2003-06-26,6/27/2003,CDF,329,n/a
TUU-6588,Tulare,Chimney,2003-06-28,6/29/2003,BIA,565,n/a
TUU-76655,Kern,Tejon,2003-06-29,6/29/2005,CC,1155,n/a
LNU-04073,Yolo,Capay,2003-06-29,6/29/2003,CDF,400,Smoking
HUU-2762,Humboldt,Friday,2003-06-29,6/30/2003,USFS,389,n/a
MMU-01108,Merced,I-5,2003-06-30,6/30/2003,CDF,1000,Campfire
LNU-004146,Lake,Forty,2003-07-01,7/1/2003,CDF,300,Arson
LMU-001784,Lassen,A-3,2003-07-02,7/2/2003,CDF,1100,Vehicle
BEU-002241,San Benito,Dain,2003-07-02,7/2/2003,CDF,500,Equip. Use
BEU-002235,San Benito,Hwy 25,2003-07-02,7/2/2003,Local,360,Vehicle
RRU-050488,Riverside,State Fire,2003-07-03,7/3/2003,CDF,855,Smoking
MMU-00112,Mariposa,Hunter #9,2003-07-03,7/4/2003,CDF,641,Equip. Use
RRU-50865,Riverside,Stage,2003-07-04,7/4/2003,CDF,1700,Vehicle
TUU-7195,Kern,Kern #10 (Pump),2003-07-07,7/7/2003,CC,747,Equip. Use
TUU-007233,Tulare,Frazier,2003-07-08,7/7/2003,CDF,699,Equipment
MMU-11745,Mariposa,YNP #1734 (Woodlot),2003-07-08,7/11/2003,NPS,458,Undetermined
MMU-11727,Madera,North Fork,2003-07-08,7/10/2003,CDF,360,Vehicle
TCU-4908,Stanislaus,CoopersTown #2,2003-07-12,7/12/2003,CDF,396,Equip. Use
TUU-7429,Tulare,Castle,2003-07-12,7/12/2003,CDF,320,Arson
TCU-004924,Stanislaus,Greig,2003-07-13,7/13/2003,CDF,420,Vehicle
TUU-7593,Kern,Kern #14 (Hillside),2003-07-15,7/16/2003,CC,835,Equip. Use
MVU-5044,San Diego,Coyote,2003-07-16,7/26/2003,CDF,18705,Lightning
MMU-12479,Merced,Grant,2003-07-18,7/18/2003,Local,500,Undetermined
NEU-10647,Nevada,TNF (Chilcoot Comple,2003-07-20,7/23/2003,USFS,5693,Lightning
SCU-2846,Stanislaus,Del Puerto,2003-07-20,7/22/2003,CDF,5170,Lightning
TCU-417,Tuolumne,STF #8 (Mountain Co,2003-07-20,10/3/2003,USFS,3747,Lightning
TUU-7804,Kern,Grapevine Kern #15,2003-07-20,7/20/2003,CC,1830,Undetermined
SLU-5133,San Luis Obispo,Parkhill,2003-07-20,7/22/2003,CDF,1200,Vehicle
LMU_2117,Lassen,BLM U575 (Ram),2003-07-20,7/21/2003,BLM,375,Lightning
LMU-2135,Lassen,BLM-U580/Smoke,2003-07-21,7/25/2003,BLM,8010,Lightning
RRU-56005,Riverside,Local,2003-07-22,7/22/2003,Local,2020,Undetermined
LMU-2170,Lassen,Shinn BLM 590,2003-07-22,7/22/2003,BLM,950,Lightning
TUU-7957,Kern,Basin,2003-07-23,7/25/2003,CC,1002,n/a
RRU-056869,Riverside,Canyon,2003-07-25,7/27/2003,CDF,4336,Arson
MMU-13006,Madera,River,2003-07-25,7/25/2003,Local,300,Undetermined
TUU-8510,Kern,Little Kern (China),2003-07-30,8/3/2003,USFS,509,Lightning
SQF-002423,Tulare,TIA 2415 ( Cooney),2003-07-31,8/27/2003,USFS,1928,Lightning
LMU-2449,Modoc,BLM U 643 (Barber),2003-07-31,8/1/2003,BLM,1330,Lightning
SCU-3140,Stanislaus,Hoover,2003-08-04,8/4/2003,CDF,2000,Lightning
SLU-5785,San Luis Obispo,Chimney Incident,2003-08-10,8/11/2003,CDF,1500,Vehicle
RRU-63401,Riverside,Locust,2003-08-18,8/20/2003,CDF,1898,Rekindle
RRU-063409,Riverside,Local/Highway,2003-08-18,8/18/2003,Local,300,Arson
SCU-003460,Santa Clara,Plus,2003-08-20,8/20/2003,Local,500,Equipment
BDU-8826,Los Angeles,Alamos,2003-08-23,8/24/2003,USFS,300,Undetermined
SCU-003581,Santa Clara,Santa Clara Complex,2003-08-25,9/2/2003,CDF,30170,Lightning
TCU-006447,Tuolumne,Lightning 23,2003-08-26,8/26/2003,CDF,800,Lightning
MMU-15304,Mariposa,White Rock,2003-08-26,8/26/2003,CDF,640,Lightning
SCU-003566,Contra Costa,Pittsburg,2003-08-26,8/26/2003,CDF,300,Lightning
TUU-009571,Tulare,Smith,2003-08-27,8/27/2003,Local,320,Vehicle
NEU-13290,Placer,TNF 1993 (Cod Comp,2003-09-01,9/1/2003,USFS,830,Lightning
BDU-10212,Mono,Assist (Dexter),2003-09-02,9/2/2003,USFS,2515,Lightning
HUU-004501,"Humboldt
Glenn",Canoe,2003-09-03,10/15/2003,CDF,24882,Lightning
HUU-004435,Humboldt,Lightning Honeydew 4,2003-09-03,9/3/2003,CDF,13846,Lightning
TGU-5497,Glenn,MNF Assist (Grindsto,2003-09-03,9/3/2003,USFS,8019,Lightning
LNU-7125,Lake,MNF-964 Asst / Smok,2003-09-03,9/10/2003,USFS,3500,Lightning
LNU-6629,Yolo,40,2003-09-03,9/3/2003,CDF,1400,Arson
TGU-5488,,,2003-09-03,9/4/2003,CDF,400,Lightning
LNU-6644,Lake,SITES,2003-09-03,9/4/2003,CDF,390,Lightning
SHU-9940,Trinity,SHF Assist (Loma),2003-09-14,9/22/2003,USFS,3074,n/a
NEU-14547,Placer,Sierra (Rocklin Assis,2003-09-18,9/18/2003,LOCAL,594,Under Invest.
NEU-14547,Placer,Sierra (Rocklin Assis,2003-09-18,9/18/2003,LOCAL,594,Under Invest.
TUU-10986,Tulare,NPS #6 Paradise,2003-09-27,10/19/2003,NPS,1298,Lightning
TGU-6202,Tehama,MNF Assist (Spanish),2003-09-28,10/2/2003,USFS,6050,n/a
BDU-10299,San Bernardino,Gorman,2003-09-28,9/29/2003,CDF,300,Undetermined
BDU-10456,San Bernardino,Lytle,2003-10-01,10/1/2003,USFS,903,n/a
BDU-11262,San Bernardino,Grand Prix,2003-10-21,11/5/2003,CDF,66894,Undetermined
MVU-7975,San Diego,Assist 68 (Roblar 2),2003-10-21,10/27/2003,MIL,8592,n/a
RRU-81407,Riverside,Pass,2003-10-21,10/23/2003,CDF,2397,Arson
SLU-7808,Ventura,Piru,2003-10-23,11/14/2003,CC,63991,n/a
BDU-14164,Los Angeles,Assist Verdale,2003-10-24,10/24/2003,CC,8650,n/a
MVU-8126,San Diego,Cedar,2003-10-25,11/4/2003,USFS,273246,Human
SLU-7886,Ventura,Simi,2003-10-25,11/3/2003,CC,108204,n/a
MVU-008143,San Diego,Paradise,2003-10-26,11/6/2003,CDF,56700,Equip. Use
MVU-8151,San Diego,Mine,2003-10-26,10/28/2003,CDF,46000,Arson
RRU-082809,Riverside,Mountain,2003-10-26,10/29/2003,CDF,10000,Equip. Use
HUU-5720,Humboldt,Tuk,2003-10-26,10/30/2003,NPS,315,N/A
SHU-11176,Shasta,Whitmore,2003-10-27,10/30/2003,CDF,1200,Undetermined
MEU-9436,Mendocino,Pine,2003-11-26,11/28/2003,CDF,1200,Escape
LMU-4234,Modoc,Sand,2003-11-28,11/29/2003,USFS,300,Escape
BDF-3917,SAN BERNARDINO,UPPER SANTA ANA,2004-03-25,3/26/2004,USFS,350,ESCAPE
SHF-000443,TEHAMA,SHF ASSIST (HAMILTON),2004-04-09,4/12/2004,USFS,301,HUMAN
RRU-032913,RIVERSIDE,PLEASURE FIRE,2004-04-25,4/26/2004,CDF,2464,VEHICLE
RRU-35190,RIVERSIDE,EAGLE,2004-05-02,5/7/2004,CDF,8831,UNDETERMINED
MVU-003337,SAN DIEGO,ASSIST #31 (INDIA FIRE),2004-05-02,5/3/2004,MIL.,2040,UI
RRU-35197,RIVERSIDE,GAFFORD,2004-05-02,5/3/2004,CDF,450,UNDETERMINED
RRU-035517,RIVERSIDE,CERRITO FIRE 681,2004-05-03,5/7/2004,CDF,16460,UNDETERMINED
SLU-3169,SANTA BARBARA,ASSIST #6 (CACHUMA),2004-05-03,5/7/2004,LOC,1127,UI
RRU-35567,RIVERSIDE,SCHOOL INC.,2004-05-03,5/3/2004,CDF,377,DEBRIS
TUU-004886,TULARE,FRAZIER,2004-05-07,5/7/2004,CDF,750,EQUIP. USE
RRU-38418,RIVERSIDE,COTTONWOOD,2004-05-12,5/15/2004,CDF,1845,CAMPFIRE
CA-PNF-379,PLUMAS,COTTONWOOD,2004-05-18,5/18/2004,USFS,560,HUMAN
TUU-005509,TULARE,STAGE,2004-05-21,5/21/2004,CDF,313,POWERLINE
MMU-8972,MERCED,BASALT,2004-05-21,5/21/2004,CDF,300,EQUIP. USE
NEU-009119,YUBA,BEALE,2004-06-03,6/3/2004,CDF,300,POWERLINE
SCU-003038,SANTA CLARA,PRIDMORE,2004-06-04,6/4/2004,CDF,300,VEHICLE
SBC-4032,SANTA BARBARA,GAVIOTA,2004-06-05,6/11/2004,CC,7440,UI
TUU-006407,TULARE,CASTLE,2004-06-08,6/8/2004,CDF,571,UNDETERMINED
SNF-1029,MADERA,SOURCE,2004-06-16,6/16/2004,USFS,385,UI
TUU-6885,KERN,KERN #11 (WEST FIRE),2004-06-18,6/18/2004,CC,550,HUMAN
AEU-010202,AMADOR,MOKE ASSIST,2004-06-20,6/20/2004,USFS,400,UNDETERMINED
LMU-1852,LASSEN,SKEDADDLE,2004-06-22,6/24/2004,USFS,368,LIGHTNING
SQF-1461,TULARE,CRAG,2004-06-24,6/24/2004,USFS,871,LIGHTNING
FKU-007654,FRESNO,FKU-7654,2004-06-26,6/26/2004,LOC,5000,CONTROL BURN
BDU-6547,LOS ANGELES,ASSIST ANF (INTERSTATE06/26/04,2004-06-26,6/26/2004,USFS,300,HUMAN
MMU-018987MARIPOSA,,MEADOW,2004-06-27,7/1/2004,USFS,5060,LIGHTNING
LNP-2017,SHASTA,BLUFF WFU,2004-06-28,6/28/2004,NPS,3304,LIGHTNING
BEU-002411,MONTEREY,CABEU002411 (CHULAR),2004-06-30,7/1/2004,CDF,300,POWERLINE
MVU-5269,SAN DIEGO,WARNER,2004-07-01,7/1/2004,CDF,600,UNDETERMINED
TGU-003837,TUOLUMNE,"BLACK, H",2004-07-01,7/1/2004,CDF,375,LIGHTNING
SCU-3829,SANTA CRUZ,CORRAL HOLLOW,2004-07-10,7/11/2004,CDF,700,ELEC. POW.
RRU-055439,RIVERSIDE,VERBENIA,2004-07-11,7/16/2004,CDF,3833,UNDETERMINED
FKU-08513,FRESNO,GATOS,2004-07-11,7/13/2004,CDF,1307,POWERLINE
BDU-7509,LOS ANGELES,PINE,2004-07-12,7/21/2004,CC,17418,HUMAN
MVU-5659,SAN DIEGO,MATAGUARY,2004-07-13,7/15/2004,CDF,8649,P/W/F
RRU-056039,RIVERSIDE,LAKEVIEW,2004-07-13,7/13/2004,CDF,350,UNDETERMINED
NEU-011956,PLACER,SUNSET,2004-07-13,7/13/2004,LOC,320,UNDETERMINED
TUU-008451,KERN,ROCKYKRN#1,2004-07-14,7/14/2004,CC,510,UI
SCU-003929,SANTA CLARA,SILVER,2004-07-15,7/16/2004,LOC,435,UI
BDU-7498,LOS ANGELES,ASSIST (FOOTHILL),2004-07-17,7/21/2004,CC/USFS,6002,UI
RRU-57236,RIVERSIDE,STATE (MELTON),2004-07-17,7/20/2004,CDF,3667,MISC.
FKU-008892,FRESNO,MENDOTA,2004-07-18,7/18/2004,LOC,500,SMOKING
TUU-5791,STANISLAUS,PELICAN,2004-07-19,7/24/2004,LOC,1500,HUMAN
SBC-5251,SANTA BARBARA,JALAMA,2004-07-20,7/22/2004,LOC,307,UI
LMU-2537,LASSEN,STRAYLOR,2004-07-22,7/29/2004,CDF,3422,VEHICLE
RRU-58691,RIVERSIDE,STATE,2004-07-22,7/22/2004,CDF,750,UNDETERMINED
TUU-008884,KERN,USFS #6 (CAMP),2004-07-22,7/23/2004,USFS,700,HUMAN
ANF-002517,LOS ANGELES,ASSIST (CROWN COMPLE 07/20/04,2004-07-23,7/23/2004,USFS,18026,HUMAN
SKU-003140,SISKIYOU,IRONGATE,2004-07-24,7/26/2004,CDF,2400,LIGHTNING
SKU-003136,SISKIYOU,LIGHT#37,2004-07-24,7/24/2004,CDF,400,LIGHTNING
TCU-006431,CALAVERAS,ARMSTRONG #2,2004-07-27,8/14/2004,CDF,879,ARSON
SRF-3784,TRINITY/HUMBOLDTSIMS,SIMS,2004-07-28,8/3/2004,USFS,4030,UI
TCU-006440,CALAVERAS,HWY 4 #2,2004-08-06,8/9/2004,CDF,3443,UNDETERMINED
BDU-9291,LOS ANGELES,EAST ANF 2861,2004-08-07,8/9/2004,USFS,1330,N/A
SCU-4410,SANTA CLARA,KINCAID,2004-08-08,8/10/2004,CDF,1246,UNDETERMINED
NEU-13741,PLACER,STEVENS,2004-08-08,8/12/2004,CDF,934,ELEC. POW.
MEU-006378,MENDOCINO,CREEK,2004-08-08,8/11/2004,CDF,328,UNDETERMINED
TCU-006563,CALAVERAS,HUNT,2004-08-10,8/12/2004,CDF,600,EQUIP. USE
SHU-006278,SHASTA,BEAR,2004-08-11,8/16/2004,CDF,10848,EQUIP. USE
BTU-009671,BUTTE,OREGON,2004-08-11,8/15/2004,CDF,2030,ELEC. POW.
TCU-006534,TUOLUMNE,EARLY,2004-08-11,8/9/2004,USFS,1670,UI
TUU-009943,TULARE,DEEP,2004-08-12,8/16/2004,USFS,3148,HUMAN
LMU-2930,LASSEN,NOD BBT4 (SNAKE),2004-08-13,8/16/2004,BLM,500,LIGHTNING
NOD-2946,LASSEN,STONEY,2004-08-13,8/16/2004,BLM,500,LIGHTNING
LMU-002930,LASSEN,LGT#60 (BELFAST),2004-08-13,8/16/2004,CDF/BLM,500,LIGHTNING
SHU-006398,SHASTA,FRENCH,2004-08-14,8/20/2004,CDF,13005,UNDETERMINED
LNU-6125,SOLANO,MIX (VACA),2004-08-18,8/20/2004,CDF,377,ARSON
LNU-006346,LAKE/SONOMA,LONG,2004-08-26,8/26/2004,CDF,400,UNDETERMINED
MMU-016500,MARIPOSA,BEAR,2004-09-02,9/4/2004,CDF,400,UNDETERMINED
LNU-006644,LAKE,GEYSERS,2004-09-03,9/8/2004,CDF,12525,ELEC. POW.
TCU-007413,CALAVERAS,PATTISON,2004-09-03,9/5/2004,CDF,2476,VEHICLE
LNU-006675,NAPA,CEMENT,2004-09-04,9/4/2004,CDF,1100,UNDETERMINED
AEU-015503,SACRAMENTO,SCOTT,2004-09-04,9/4/2004,CDF,700,UNDETERMINED
BDU-9520,SAN,ASSIST - RUNAWAY,2004-09-07,9/9/2004,USFS,1007,UI
LNU-6821,MARIN,DOLCINI,2004-09-07,9/9/2004,CC,360,UI
TUU-11429,KERN,CHINA,2004-09-11,9/12/2004,USFS,314,UI
MMU-017290,MARIPOSA,OLD HIGHWAY,2004-09-12,9/15/2004,CDF,1347,DEBRIS
TCU-007765,TUOLUMNE,STF #2191,2004-09-12,9/12/2004,USFS,800,UI
MVU-007603,SAN,BORDER #16,2004-09-13,9/13/2004,CDF,965,UNDETERMINED
AEU-017646,AMADOR,POWER,2004-10-06,10/21/2004,USFS,16800,UI
LNU-007867,YOLO,RUMSEY,2004-10-10,10/16/2004,CDF,39138,UNDETERMINED
AEU-018044EL,DORADO,FREDS,2004-10-13,10/17/2004,USFS,7700,UI
MMU-17739,MADERA,URUTTA,2005-05-01,9/15/2005,CDF,435,UNDET.
FKU-5279,FRESNO,CLAYTON,2005-05-15,5/16/2005,LOCAL,300,ARSON
FKU-5326,FRESNO,MENDOTA,2005-05-17,5/17/2005,LOCAL,800,RAILROAD
FKU-5337,FRESNO,BLM #1(APRICOT),2005-05-17,5/17/2005,CDF/BLM,667,CAMPFIRE
RRU-41175,RIVERSIDE,JOHNSON RANCH VMP,2005-05-19,6/1/2005,CDF,417,PRESCRIBED
TUU-5938,TULARE,LEHIGH KERN #7,2005-06-02,6/2/2005,CDF/CC,800,HUMAN
RRU-46137,RIVERSIDE,STATE 783 (ELM),2005-06-02,6/4/2005,CDF,300,UNDET.
MMU-9861,MERCED,DOS AMIGOS,2005-06-03,6/3/2005,CDF,1232,VEHICLE
FKU-06116,FRESNO,FIVE,2005-06-04,6/5/2005,CDF,5514,VEHICLE
SCU-2125,STANISLAUS,SPERRY,2005-06-04,6/4/2005,CDF,1330,VEHICLE
SCU-2142,CONTRA COSTA,VASCO,2005-06-05,6/5/2005,CDF,320,VEHICLE
BDU-5678,SAN BERNARDINO,CITY (DULCE),2005-06-06,6/7/2005,LOCAL,625,HUMAN
BDU-6148,SAN BERNARDINO,PIONEER,2005-06-18,6/19/2005,CDF,1876,UNDET.
BDU-6587,SAN BERNARDINO,HACKBERRY ASSIST,2005-06-22,6/27/2005,NPS,71000,LIGHTNING
BDU-6312,SAN BERNARDINO,PARADISE,2005-06-22,6/25/2005,CDF,3082,UNDET.
RRU-52091,RIVERSIDE,SOBOBA,2005-06-22,6/24/2005,CDF,2000,EQUIP. USE
SCU-2567,CONTRA COSTA,BRAGDON,2005-07-01,7/2/2005,CDF,490,VEHICLE
MMU-11965,MADERA,BAILEY,2005-07-02,7/2/2005,CDF,1056,UNDET.
BDU-9126,LOS ANGELES,"ASSIST ""TOVEY""",2005-07-05,7/6/2005,CDF/CC,1200,UI
RRU-56179,RIVERSIDE,ASSIST ORC(YORBA LINDA),2005-07-05,7/5/2005,CDF/CC,1078,HUMAN
TUU-7505,TULARE,MILLWOOD,2005-07-07,7/7/2005,CDF,2600,ARSON
TUU-7893,TULARE,SQF NINE(NINE),2005-07-09,7/9/2005,USFS,1150,UI
TUU-7902,TULARE,HIGH,2005-07-09,7/9/2005,CDF/CC,971,UI
BDU-731,SAN BERNARDINO,SIERRA,2005-07-14,7/15/2005,CDF/CC,525,UI
SCU-2920,ALAMEDA,TESLA,2005-07-19,7/20/2005,CDF,6744,ARSON
TUU-8421,KERN,KRN-25 (CHINA LAKE),2005-07-19,7/19/2005,BLM,1282,HUMAN
SCU-2922,CONTRA COSTA,BRUNS,2005-07-20,7/20/2005,CDF,350,UNDET.
BDU-7673,SAN BERNARDINO,ASSIST-KINGSTON,2005-07-22,7/23/2005,BLM,3500,LIGHTNING
BDU-7661,INYO,ASSIST(PINYON COMPLEX),2005-07-22,7/22/2005,USFS,743,LIGHTNING
MMU-13780,MADERA,QUARTZ,2005-07-25,7/27/2005,CDF,550,EQUIP. USE
TGU-4548,TEHAMA,RANCH,2005-07-25,7/25/2005,CDF,430,VEHICLE
SCU-3058,ALAMEDA,KOOPMAN,2005-07-26,7/26/2005,CDF,430,ARSON
TUU-8868,TULARE,RED,2005-07-27,7/28/2005,CDF,870,EQUIP. USE
MMU-14173,MERCED,LAGUNA,2005-07-30,7/30/2005,CDF,447,VEHICLE
MMU-14337,MERCED,COWPIE(I5),2005-08-01,8/1/2005,CDF,3200,MISC
TCU-6468,CALAVERAS,WENTZEL,2005-08-01,8/1/2005,CDF,356,EQUIP. USE
BDU-8164,SAN BERNARDINO,ASSIST BDF (HALLORAN,2005-08-03,8/3/2005,NPS,1500,UI
LNU-5240,LAKE,"MNF ASSIST - DEER
FIER(DEER)",2005-08-09,8/9/2005,USFS,1700,HUMAN
TGU-4980,TEHAMA,36-2(36),2005-08-10,8/11/2005,CDF,2700,EQUIP. USE
MVU-6764,SAN DIEGO,"ASSIST#54
MSN#50885(SHOTHOLE)",2005-08-17,8/17/2005,DOD,350,N/A
MMU-15859,MADERA,ROAD 33(33),2005-08-21,8/21/2005,LOCAL,400,UNDET.
LMU-3444,MODOC,BLM-B4TX(BARREL),2005-08-22,8/22/2005,BLM,24800,LIGHTNING
NEU-14631,SIERRA,TNF-1215(HARDING),2005-08-24,8/24/2005,USFS,2270,HUMAN
TGU-5357,TEHAMA,FOLEY(ARTOIS),2005-08-25,8/25/2005,CDF,314,EQUIP. USE
RRU-71914,RIVERSIDE,ASSIST (BLAISDELL),2005-08-26,8/30/2005,BLM,5493,HUMAN
TGU-5384,TEHAMA,MANTON,2005-08-26,8/29/2005,CDF,1830,VEHICLE
MMU-18533,MADERA,MORGAN,2005-08-26,8/26/2005,LOCAL,500,LIGHTNING
MMU-16440,MARIPOSA,ENGINEERS,2005-08-29,8/29/2005,CDF,550,EQUIP. USE
FKU-10238,FRESNO,10238,2005-08-30,8/30/2005,LOCAL,1000,EQUIP. USE
BDU-9477,LA/KERN,"ASSIST ""GORMAN""",2005-09-03,9/5/2005,CDF/CC,2386,UI
BEU-3316,MONTEREY,CABEU003316(JOHNSO,2005-09-04,9/5/2005,CDF,1393,VEHICLE
MVU-7518,SAN DIEGO,VOLCAN,2005-09-06,9/11/2005,CDF,685,VEHICLE
BDU-12212,SAN BERNARDINO,KINGSTON 3,2005-09-12,9/14/2005,BLM,650,UI
LNU-6400,LAKE,CLOVER,2005-09-16,9/17/2005,CDF,751,UNDET.
SKU-4410,SISKIYOU,LICHENS,2005-09-17,9/17/2005,CDF,746.5,"DEBRIS
BURNING"
TUU-11469,TULARE,PINE,2005-09-19,9/19/2005,CDF/CC,1600,UNDET.
MMU-18117,MERCED,LOS BANOS,2005-09-20,9/20/2005,CDF,900,LIGHTNING
MMU-18135,MARIPOSA,LA PALOMA,2005-09-20,9/20/2005,CDF,700,LIGHTNING
TUU-11723,KERN,KERN #44 (CRANE),2005-09-25,9/25/2005,CDF/CC,412,UI
BDU-10474,SAN BERNARDINO,ASSIST (TOPANGA),2005-09-28,10/7/2005,CDF/CC,24175,UI
RRU-81558,RIVERSIDE,STATE FIRE (SAN TIMOTEO),2005-09-28,9/28/2005,CDF,1100,MISC
BDU-10505,SAN BERNARDINO,ASSIST (THURMAN),2005-09-29,9/29/2005,USFS,935,UI
NEU-17311,PLACER,BREWER,2005-10-04,10/4/2005,LOCAL,400,UNDET.
RRU-83672,RIVERSIDE,WOODHOUSE,2005-10-05,10/7/2005,CDF,6500,RAILROAD
MMU-19165,MADERA,RIVER,2005-10-05,10/5/2005,LOCAL,6000,EQUIP. USE
MVU-8488,SAN DIEGO,BORDER #50,2005-10-05,10/8/2005,CDF,4103,UNDET.
LNU-7187,YOLO,RUMSEY SERIES #3,2005-10-11,10/12/2005,CDF,301,UNDET.
RRU-87002,RIVERSIDE,LOCAL LIGHTNING #1,2005-10-17,10/17/2005,LOCAL,500,LIGHTNING
TUU-13139,TULARE,ALPAUGH,2005-10-28,10/28/2005,LOCAL,330,UNDET.
SHF-2589,SHASTA,BAGLEY,2005-11-08,11/8/2005,USFS,468,UNDET.
SLU-040555,VENTURA,ASSIST #57 SCHOOL FI,2005-11-18,11/19/2005,CDF/CC,3891,UNDET.
BDU-861,SAN BERNARDINO,PLUNGE,2006-01-22,2/2/2006,USFS,485,UI
RRU-10978,RIVERSIDE/ORANGE,ASSIST CNF (SIERRA),2006-02-06,2/6/2006,USFS,10584,HUMAN
SKU-906,SISKIYOU,COMMAND),2006-02-25,2/27/2006,CDF,3019,MISC
FKU-3779,FRESNO,ALMAZAN (TORCH),2006-05-13,5/14/2006,CDF,1964,EQUIP. USE
BTU-8035,PLUMAS,ASSIST (GREASE),2006-05-16,5/16/2006,USFS,366,UI
SCU-3133,STANISLAUS,STUHR,2006-05-26,5/26/2006,CDF,1418,VEHICLE
MMU-5956,MERCED,BILLY,2006-05-26,5/26/2006,CDF,753,EQUIP. USE
TUU-5529,TULARE,ALPAUGH,2006-05-27,5/27/2006,LOCAL,1700,EQUIP. USE
RRU-44512,RIVERSIDE,HIGHWAY,2006-05-27,5/28/2006,CDF,400,HUMAN
RRU-45343,RIVERSIDE,SKINNER,2006-05-30,5/30/2006,CDF,317,HUMAN
RRU-46680,RIVERSIDE,CORT (COURT),2006-06-03,6/4/2006,CDF,362,EQUIP. USE
FKU-4598,FRESNO,RIFLE RANGE (AUBERR,2006-06-04,6/4/2006,CDF,371,AMMUNITION
BDU-5805,INYO,ABERDEEN,2006-06-07,6/7/2006,CDF,357,LIGHTNING
FKU-4708,FRESNO,FKU-4708,2006-06-07,6/7/2006,LOCAL,300,VEHICLE
BDU-5867,SAN BERNARDINO,ARRASTRE,2006-06-09,6/10/2006,USFS,361,LIGHTNING
SCU-3533,SAN JOAQUIN,PETZ,2006-06-10,6/10/2006,CDF,335,VEHICLE
TUU-6585,TULARE,STOKES,2006-06-17,6/17/2006,CDF,320,ARSON
SLU-4715  185,SANTA BARBARA,PERKINS,2006-06-19,6/26/2006,USFS,14988,HUMAN
CDF-262,"ENSENADA, B.C.",BAJA CALIFORNIA-MEXI,2006-06-20,6/25/2006,MEXICO,4000,UI
TUU-6967,TULARE,W,2006-06-24,6/24/2006,CDF,800,ARSON
LMU-2330,LASSEN,OBSERVATION COMPLE,2006-06-25,6/30/2006,BLM,4300,LIGHTNING
BDU-6570,INYO,GOODALE,2006-06-26,6/29/2006,CDF,3750,LIGHTNING
LMU-2372,LASSEN,CHENEY,2006-06-26,6/27/2006,CDF,600,LIGHTNING
LMU-2420,LASSEN,LGT #22 (3-9),2006-06-26,6/27/2006,CDF,504,LIGHTNING
LMU-2394,MODOC,LGT. #17,2006-06-26,6/27/2006,CDF,500,LIGHTNING
LMU-2803,MODOC,MDF-276 MILLER COMPL,2006-06-26,7/3/2006,USFS,300,LIGHTNING
TGU-4055,TEHAMA,BOLLY),2006-06-27,6/27/2006,USFS,1247,LIGHTNING
LMU-2478,MODOC,23-Mar,2006-06-27,6/27/2006,CDF,450,LIGHTNING
SCU-4033,STANISLAUS,DEL PUERTO,2006-06-30,7/3/2006,CDF,2590,DEBRIS
SCU-4078,SAN JOAQUIN,CORRAL,2006-07-02,7/2/2006,CDF,460,ARSON
TCU-5732,TUOLUMNE,PEDRO,2006-07-03,7/5/2006,CDF,2000,MISC.
BDU-10778,SAN BERNARDINO C,KINGSTON,2006-07-06,7/12/2006,CDF,488,LIGHTNING
BDU-7074,SAN BERNARDINO,PICO,2006-07-06,7/7/2006,LOCAL,420,UI
RRU-57746,RIVERSIDE,PUSHWALLA COMPLEX,2006-07-07,7/10/2006,USFS,2000,LIGHTNING
BDU-7229,SAN BERNARDINO,SAWTOOTH COMPLEX,2006-07-09,7/20/2006,CDF,62000,LIGHTNING
SCU-4303,STANISLAUS,CANYON,2006-07-09,7/17/2006,CDF,34000,EQUIP. USE
RRU-59480,RIVERSIDE,MILLARD FIRE ASSIST,2006-07-09,7/9/2006,USFS,24210,LIGHTNING
LMU-2802,MODOC,MDF-242 (HAPPY COMP,2006-07-09,7/9/2006,USFS,1780,LIGHTNING
TUU-7901,KERN,ARCO,2006-07-09,7/12/2006,CDF,698,UI
SCU-4345,ALAMEDA,MIDWAY,2006-07-11,7/11/2006,CDF,6400,UNDET.
BBD-2110,SAN LUIS OBISPO,BECK,2006-07-11,7/12/2006,BLM,1500,UI
BDU-7456,SAN BERNARDINO,EDGEMONT,2006-07-14,7/15/2006,CDF,575,ELEC. POW.
MMU-8565,MADERA,SQUIRREL,2006-07-14,7/14/2006,LOCAL,500,VEHICLE
LNU-5007,LAKE,29,2006-07-17,7/21/2006,CDF,550,VEHICLE
BTU-8059,BUTTE,SKYWAY 2,2006-07-17,7/17/2006,CDF,451,VEHICLE
MEU-5124,MENDOCINO,GEYSERS,2006-07-17,7/17/2006,CDF,321,UNDET.
LMU-2968,LASSEN,CREEK,2006-07-18,7/21/2006,CDF,1234,UNDET.
TUU-8471,TULARE,COYTOE,2006-07-20,7/21/2006,CDF,1325,LIGHTNING
MVU-6638,SAN DIEGO,BORDER FIRE # 16,2006-07-20,7/20/2006,CDF,315,UNDET.
MMU-8926,MERCED,OLIVE,2006-07-21,7/21/2006,LOCAL,25007,MISC.
KNP-26,FRESNO,BURNT,2006-07-21,7/21/2006,NPS,627,LIGHTNING
BEU-2665,MONTEREY,CABEU-002665 (RICCO),2006-07-22,7/27/2006,CDF,14506,LIGHTNING
BDU-7845,SAN BERNARDINO,WHISPERING PINES,2006-07-22,7/26/2006,CDF/NPS,993,LIGHTNING
BDU-7798,SAN BERNARDINO,RAMP FIRE,2006-07-22,7/22/2006,USFS,448,HUMAN
TUU-9072,KERN,RIDGE,2006-07-22,7/28/2006,CDF,445,LIGHTNING
SKU-3497,SISKIYOU,UNCLES COMPLEX,2006-07-23,10/31/2006,USFS,30454,LIGHTNING
RRU-6747,SAN DIEGO,ASSIST 103 (HORSE),2006-07-23,8/1/2006,USFS,16681,HUMAN
SKU-3536,SISKIYOU,HAPPY CAMP,2006-07-23,9/24/2006,USFS,3318,LIGHTNING
SLU-5902,SAN LUIS OBISPO,"""Y""",2006-07-23,7/23/2006,CDF,660,ELEC. POW.
TUU11375,KERN,SCOTT,2006-07-23,7/23/2006,CDF,600,LIGHTNING
RRU-62919,RIVERSIDE,COYOTE FIRE,2006-07-23,7/26/2006,CDF,467,LIGHTNING
SRF-997,HUMBOLDT & SISKIY,ORLEANS COMPLEX,2006-07-24,9/30/2006,USFS,15710,LIGHTNING
TUU-11376,KERN,MT. PINOS LIGHTNING C,2006-07-24,7/29/2006,CDF,3194,LIGHTNING
HUU-5068,TRINITY,PANTHER,2006-07-24,8/7/2006,USFS,904,LIGHTNING
BDU-10779,LOS ANGELES,EMPIRE,2006-07-25,7/25/2006,CDF,1094,LIGHTNING
SKU-3541,SISKIYOU,LAKIN,2006-07-25,8/1/2006,USFS,480,LIGHTNING
MEU-5437,MENDOCINO,HUNTER,2006-07-26,7/26/2006,USFS,16296,LIGHTNING
SKU-3583,SISKIYOU,HOY,2006-07-26,7/28/2006,CDF,1283,ELEC. POW.
MMU-9238,MADERA,RAYMOND,2006-07-26,7/26/2006,CDF,477,SMOKING
SHU-7170,TRINITY,BAR COMPLEX,2006-07-27,7/27/2006,USFS,100414,LIGHTNING
LMU-3200,MODOC,MDF- 484 (SAGE),2006-07-27,8/5/2006,USFS,4855,LIGHTNING
SHU-5863,TRINITY,JUNCTION,2006-07-29,7/29/2006,CDF,3126,MISC.
SLU-6169,SAN LUIS OBISPO,ANTELOPE,2006-08-01,8/1/2006,CDF,400,UNDET.
TGU-5100,TEHAMA,MNF ASSIST (KINGSLEY,2006-08-02,8/2/2006,USFS,6854,LIGHTNING
TUU-9299,KERN,COTTONWOOD,2006-08-05,8/6/2006,BLM,2346,UI
BDU-7707,SAN BERNARDINO,COVINGTON,2006-08-07,8/7/2006,NPS,532,LIGHTNING
RRU-67809,RIVERSIDE,GOLF,2006-08-08,8/10/2006,CDF,800,EQUIP. USE
RRU-69073,RIVERSIDE,GILAMN (GILMAN),2006-08-12,8/13/2006,CDF,300,EQUIP. USE
BDU-10792,LOS ANGELES,QUAIL,2006-08-13,8/16/2006,CDF,4864,UI
NEU-15663,YUBA COUNTY,MARYSVILLE,2006-08-16,8/17/2006,CDF,388,UNDET.
MMU-10498,MARIPOSA,BOUNDARY,2006-08-21,8/22/2006,NPS,536,HUMAN
BDU-9392,SAN BERNARDINO,EMERALD,2006-08-29,8/29/2006,CDF/LRA,921,SHOOTERS
SHU-7012,TRINITY,PIGEON,2006-09-02,10/16/2006,USFS,6452,HUMAN
NEU-17281,PLACER,RALSTON,2006-09-05,9/18/2006,USFS,8423,UI
BDU-10098,MONO COUNTY,ASSIST (SAWMILL),2006-09-14,9/15/2006,USFS,7434,HUMAN
RRU-79592,RIVERSIDE,ORCHARD,2006-09-16,9/16/2006,CDF,1580,UNDET.
RRU-79875,RIVERSIDE,RANCH,2006-09-17,9/17/2006,CDF,1670,UNDET.
BDU-10271,SAN BERNARDINO,PINNACLES,2006-09-19,9/21/2006,USFS,2370,UI
NEU-18269,SIERRA,BASSETTS,2006-09-19,9/26/2006,USFS,2114,UI
LNU-7269,YOLO,82,2006-09-22,9/22/2006,CDF,500,UNDET.
LNU-7284,NAPA,NAPA,2006-09-22,9/24/2006,CDF,387,ELEC. POW.
MEU-7298,MENDOCINO,NOBLE,2006-09-24,9/30/2006,CDF,1014,UNDET.
FKU-9073,FRESNO,ADAMS,2006-09-24,9/24/2006,LOCAL,800,DEBRIS
MMU-12758,MARIPOSA,,2006-10-07,10/7/2006,CDF,450,UNDET.
SLU-8061,SAN LUIS OBISPO,"CUYAM,A",2006-10-09,10/10/2006,CDF,850,UI
SNF-2579,FRESNO,RUBE,2006-10-10,10/10/2006,USFS,341,LIGHTNING
RRU-87499,RIVERSIDE,SUNRISE,2006-10-13,10/14/2006,CDF,497,VEHICLE
FKU-10105,FRESNO,PHELPS,2006-10-25,10/25/2006,CDF,1600,EQUIP. USE
RRU-09//90,RIVERSIDE,ESPERANZA,2006-10-26,10/31/2006,CDF,40200,ARSON
BCD-44185,SAN BERNARDINO,SIERRA,2006-11-06,11/7/2006,USFS,640,HUMAN
VNC-3565,VENTURA,SHEKELL,2006-12-03,12/5/2006,CDF,13600,UI
BDC-48105,SAN BERNARDINO,CITRUS,2006-12-04,12/4/2006,USFS,525,UI
KRN-035228,KERN,WESTSIDE,2006-12-07,12/9/2006,CDF,4025,UI
RRU-1600,RIVERSIDE,MOCKINGBIRD,2007-01-05,1/6/2007,CDF,671,EQUIP. USE
SLU-338,SAN LUIS OBISPO,DIABLO,2007-01-14,1/16/2007,CDF,332,STRUCTURE EXPOS
RRU-19979,RIVERSIDE,ALESSANDRO,2007-03-04,3/4/2007,CDF,680,UNDET.
ORC-16557,ORANGE,241 FIRE,2007-03-11,3/13/2007,CDF,2036,HUMAN
RRU-22254,RIVERSIDE,SIERRA,2007-03-11,3/12/2007,CDF,1044,ARSON
FKU-2844,FRESNO,LITTLE 5,2007-03-22,3/23/2007,CDF,300,OTHER
BDC-13362,SAN BERNARDINO,LAS FLORES,2007-03-31,4/1/2007,LOCAL,4100,UI
CDD-4439,MONO,WALKER,2007-04-06,4/8/2007,BLM,901,UI
DVP-4840,INYO,GOLDEN,2007-04-14,4/15/2007,NPS,1988,UI
RRU-37425,RIVERSIDE,RIVER DAY,2007-04-28,4/29/2007,LOCAL,488,UNDET.
BBD-817,KERN,JAMES,2007-04-29,5/3/2007,BLM,1350,UI
RRU-40815,RIVERSIDE,DAWSON,2007-05-08,5/9/2007,CDF,990,EQUIP. USE
LFD-0648,LOS ANGELES,GRIFFITH PARK,2007-05-08,5/11/2007,LOCAL,817,UI
LAC-102481,LOS ANGELES,ISLAND,2007-05-10,5/15/2007,CDF,4750,UI
BBD-920,KERN,WOFFORD,2007-05-13,5/15/2007,BLM,525,UI
LNU-3042,YOLO,BRAYE,2007-05-18,5/22/2007,CDF,450,UNDET.
LAC-7109398,LOS ANGELES,GORMAN,2007-05-19,5/22/2007,CDF,2050,UI
MMU-5998,MADERA,HWY 41,2007-05-20,5/20/2007,CDF,338,UNDET.
SHF-719,SHASTA,BOLLI,2007-05-22,5/27/2007,USFS,730,UI
BTU-5890,BUTTE,HONEY,2007-05-22,5/23/2007,CDF,726,MISC.
TUU-5701,TULARE,HORSE,2007-05-28,5/30/2007,CDF,410,ARSON
SQF-1317,TULARE,GOLDLEDGE,2007-06-03,6/28/2007,USFS,4196,UI
TUU-5940,TULARE,SHANNON,2007-06-03,6/4/2007,CDF,2140,EQUIP. USE
MVU-5376,IMPERIAL MVU,INKOPAH,2007-06-05,6/6/2007,CDF,1500,UNDET.
TIA-1390,TULARE,OAK,2007-06-11,6/17/2007,BIA,500,UI
TGU-4063,TEHAMA,DYE,2007-06-13,6/16/2007,CDF,387,CAMPFIRE
LMU-2692,LASSEN,PINE,2007-06-23,6/23/2007,CDF,314,DEBRIS
KRN-18055,KERN,WHITE,2007-06-24,7/3/2007,CDF,12454,UI
TMU-11011,EL DORADO,ANGORA,2007-06-24,7/2/2007,USFS,3100,CAMPFIRE
KRN-17959,KERN,MOUNTAIN,2007-06-24,6/25/2007,CDF,761,UI
TGU-4489,TEHAMA,"CONNER, W",2007-06-28,6/28/2007,CDF,446,EQUIP. USE
LPF-980,SANTA BARBARA,RANCHO,2007-06-30,7/3/2007,USFS,482,UI
SBC-5316,SANTA BARBARA,ZACA,2007-07-04,9/2/2007,CDF,240207,HUMAN
PNF-396,PLUMAS,ANTELOPE COMPLEX,2007-07-05,7/13/2007,USFS,22902,LIGHTNING
BDU-7330,SAN BERNARDINO,MERIDIAN,2007-07-05,7/6/2007,CDF,467,LIGHTNING
INF-783,INYO,INYO COMPLEX,2007-07-06,7/16/2007,USFS,35176,LIGHTNING
TIA-1875,TULARE,ROCK 2,2007-07-06,7/7/2007,USFS,1005,UI
LAC-7148415,LOS ANGELES,CANYON,2007-07-07,7/8/2007,CDF,815,UI
KNF-3176,SISKIYOU,ELK COMPLEX,2007-07-10,9/15/2007,USFS,17684,LIGHTNING
MDF-359,MODOC,FLETCHER,2007-07-10,7/19/2007,USFS,8121,UI
SHU-5201,SHASTA,POWER,2007-07-10,7/12/2007,CDF,776,UNDET.
INF-801,MONO,JUNE,2007-07-10,7/12/2007,USFS,680,LIGHTNING
MEU-5025,MENDOCINO,PASS,2007-07-10,7/16/2007,CDF,443,UNDET.
KNF-3238,SISKIYOU,CHINA-BACK COMPLEX,2007-07-13,7/21/2007,USFS,2906,LIGHTNING
KRN-721415,KERN,DIGIER,2007-07-21,7/22/2007,CDF,364,UI
BTU-9279,BUTTE,32,2007-08-03,8/7/2007,CDF,382,UI
BTU-9467,BUTTE,BANGOR,2007-08-07,8/7/2007,CDF,1057,ARSON
FKU-8730,KINGS,TAR,2007-08-10,8/19/2007,CDF,5644,ARSON
SKU-3868,SISKIYOU,BEAR,2007-08-13,8/17/2007,CDF,841,EQUIP. USE
LNU-5933,YOLO,HWY 128,2007-08-14,8/15/2007,CDF,400,SMOKING
TCU-7609,STANISLAUS,DUNTON,2007-08-16,8/16/2007,CDF,540,EQUIP. USE
SBC-6785,SANTA BARBARA,CEMETARY,2007-08-20,8/22/2007,CDF,450,UI
SQF-2842,TULARE,VISTA,2007-08-22,8/26/2007,USFS,420,UI
SQF-2947,TULARE,GROUSE,2007-08-27,9/8/2007,USFS,1022,LIGHTNING
SHF-1882,TRINITY,WALLOW,2007-08-29,9/3/2007,USFS,1440,UI
SHF-1912,TEHAMA,LAZY,2007-08-29,9/9/2007,USFS,599,LIGHTNING
BEU-3537,SAN BENITO,QUIEN,2007-08-30,9/2/2007,CDF,486,LIGHTNING
ANF-3631,LOS ANGELES,NORTH,2007-09-02,9/8/2007,USFS,2200,LIGHTNING
PNF-670,PLUMAS,MOONLIGHT,2007-09-03,9/15/2007,USFS,64997,UI
SCU-5214,SANTA CLARA,LICK,2007-09-03,9/11/2007,CDF,47760,DEBRIS
YNP-3927,TUOLUMNE,BALD,2007-09-06,9/10/2007,NPS,425,LIGHTNING
CNF-2463,SAN DIEGO,PINE,2007-09-12,9/16/2007,USFS,2170,HUMAN
BDF-9435,SAN BERNARDINO,BUTLER 2,2007-09-14,10/1/2007,USFS,14039,UI
MVU-9233,SAN DIEGO,ANGEL,2007-09-15,9/21/2007,CDF,837,CAMPFIRE
ANF-4306,ANGELES,RANCH,2007-10-20,10/30/2007,USFS,58401,UI
MVU-010427,SAN DIEGO,HARRIS,2007-10-21,11/9/2007,CDF,90440,UNDET.
MVU-010432,SAN DIEGO,WITCH,2007-10-21,10/31/2007,CDF,197990,EQUIP. USE
LAC-07232185,LOS ANGELES,BUCKWEED,2007-10-21,10/26/2007,CDF,38356,UI
ORC-68555,ORANGE,SANTIAGO,2007-10-21,11/8/2007,CDF,28400,HUMAN
LAC-07231849,LOS ANGELES,CANYON,2007-10-21,10/27/2007,CDF,4521,UI
LPF-1783,SANTA BARBARA,SEDGEWICK,2007-10-21,10/23/2007,USFS,710,UI
CNF-2786,SAN DIEGO,MCCOY,2007-10-21,10/25/2007,USFS,353,UI
BDF-10570,SAN BERNARDINO,SLIDE,2007-10-22,10/31/2007,USFS,12759,UI
MVU-10502,SAN DIEGO,RICE,2007-10-22,11/5/2007,CDF,9472,HUMAN/OTHER
LAC-07233077,LOS ANGELES,MAGIC,2007-10-22,10/27/2007,CDF,2824,UI
BDF-10566,SAN BERNARDINO,GRASS VALLEY,2007-10-22,10/29/2007,USFS,1247,UI
SMC-5592,SAN DIEGO,CORONADO HILLS,2007-10-22,10/23/2007,SMC,300,UI
MVU-10643,SAN DIEGO,POOMACHA,2007-10-23,11/11/2007,CDF,49410,MISC.
MCP-001111,SAN DIEGO,AMMO FIRE,2007-10-23,10/28/2007,MIL.,21004,UI
YNP-4850,MARIPOSA,JACK,2007-10-29,12/15/2007,NPS,1108,LIGHTNING
INF-1271,MONO,O'HARRELL,2007-10-30,11/15/2007,USFS,560,LIGHTNING
LAC-259483,LOS ANGELES,CORRAL,2007-11-24,11/27/2007,CDF,4901,HUMAN
LNU-1057,LAKE,"CONTROL BURN, GEYSERS",2008-02-13,2/13/2008,LOCAL,400,DEBRIS
BDU-002993,INYO,BLUFF,2008-03-16,3/20/2008,CDF,680,CAMPFIRE
YNP-764,MARIPOSA,WAWONA NW,2008-04-09,4/19/2008,"NPS, USFS",1130,0
RRU-32590,RIVERSIDE,JOHNSON VMP,2008-04-11,5/29/2008,LOCAL,424,DEBRIS
,LOS ANGELES,SANTA ANITA,2008-04-26,5/2/2008,OCAL/LAC,584,1
BDF-5147,RIVERSIDE,APACHE,2008-04-29,5/4/2008,USFS,769,SMOKING
TGU-003102,TEHAMA,COLYEAR,2008-05-06,5/9/2008,CDF,1331,DEBRIS
INF-282,TULARE,HONEY BEE,2008-05-06,5/23/2008,USFS,1225,LIGHTNING
ANF-1444,LOS ANGELES,BIGHORN,2008-05-14,5/21/2008,USFS,490,MISC.
FKU-5639,FRESNO,AVOCADO,2008-05-20,5/21/2008,CDF,1100,EQUIP
SCU-2548,"SANTA CRUZ/ SANTA
CLARA",SUMMIT,2008-05-22,5/27/2008,CDF,4270,UI
FKU-5724,FRESNO,GATOS,2008-05-22,5/22/2008,CDF,331,POWERLINES
SQF-967,TULARE,CLOVER,2008-05-28,7/20/2008,USFS,15300,LIGHTNING
,RIVERSIDE,JOHNSON VMP,2008-05-28,5/29/2008,CDF,424,EQUIP
LNU-4180,SONOMA,85,2008-06-05,6/6/2008,CDF,322,POWER EQUIP
KRN-016886,KERN,GRAPEVINE,2008-06-06,6/8/2008,CDF/CC,507,UI
CDD-6343,SAN BERNARDINO,ACOMA,2008-06-07,6/10/2008,BLM,356,UI
SQF-1023,KERN,RICHBAR,2008-06-07,6/8/2008,USFS,312,ARSON
LPF-1491,MONTEREY,INDIANS,2008-06-08,7/10/2008,USFS,81378,CAMPFIRE
AEU-10884,SACRAMENTO,JACKSON,2008-06-10,6/12/2008,LOCAL,6400,UI
MMU-7347,MADERA,41,2008-06-10,6/11/2008,CDF,3300,EQUIP
BTU-7021,BUTTE,Ophir,2008-06-10,6/13/2008,LOCAL,1600,UI
TCU-5302,TUOLUMNE,LAGRANGE,2008-06-10,6/11/2008,CDF,1346,EQUIP
LNU-4321,SONOMA,PINE,2008-06-10,6/13/2008,CDF,989,UNDETERMINE
BTU-7089,BUTTE,HUMBOLDT,2008-06-11,6/21/2008,CDF,23344,ARSON
CZU-5238,SANTA CRUZ,MARTIN,2008-06-11,6/28/2008,CDF,520,CAMPFIRE
MNF-2009,TEHAMA,WHISKEY,2008-06-12,6/22/2008,USFS,7783,MISC.
SHF-1041,TRINITY,LIME COMPLEX,2008-06-20,8/15/2008,USFS/BLM,98715,LIGHTNING
SRF-1126,HUMBOLDT,UKONOM-SOUTH COMPLEX,2008-06-20,9/15/2008,USFS,29327,LIGHTNING
SRF-1123,HUMBOLDT-TRINITY,HELLS HALF COMPLEX,2008-06-20,7/28/2008,USFS,15146,LIGHTNING
SRF-1120,HUMBOLDT/TRINITY,MAD COMPLEX,2008-06-20,7/21/2008,USFS,3705,LIGHTNING
MEU-4607,MENDOCINO,ALBION RIVER LIGHTNING,2008-06-20,6/30/2008,CDF,1000,LIGHTNING
CZU-5581,SANTA CRUZ,TRABING,2008-06-20,6/24/2008,CDF,630,EQUIP
LPF-1649,MONTEREY,BASIN COMPLEX,2008-06-21,7/27/2008,USFS,162818,LIGHTNING
KNF-2975,SISKIYOU,SISKIYOU / BLUE 2 COMPLEX,2008-06-21,6/21/2008,USFS,82186,LIGHTNING
PNF-0539,PLUMAS,CANYON COMPLEX,2008-06-21,9/30/2008,USFS,47680,LIGHTNING
SHU-5835,SHASTA,LAKEHEAD,2008-06-21,8/23/2008,CDF,27936,LIGHTNING
TNF-1011,PLACER,AMERICAN RIVER COMPLEX,2008-06-21,7/30/2008,USFS,20541,LIGHTNING
LNF-2713,LASSEN,CUB COMPLEX,2008-06-21,7/20/2008,USFS,19718,LIGHTNING
SHU-5632,TRINITY,PLATINA 4,2008-06-21,7/4/2008,CDF,12980,LIGHTNING
BTU-7594,BUTTE,FREY,2008-06-21,6/21/2008,CDF,10000,MISC.
MNF-645,LAKE,SODA COMPLEX,2008-06-21,7/26/2008,USFS,8632,LIGHTNING
LNF-2782,SHASTA / LASSEN,PETERSON COMPLEX,2008-06-21,7/2/2008,USFS,7842,LIGHTNING
MEU-4675,MENDOCINO,RED MOUNTAIN 1,2008-06-21,8/1/2008,CDF,7515,LIGHTNING
WNP-1095,SHASTA,WHISKEYTOWN COMPLEX,2008-06-21,7/19/2008,NPS,6420,LIGHTNING
SHU-5582,SHASTA,MOON,2008-06-21,8/9/2008,CDF,6030,LIGHTNING
SHU-5826,SHASTA,IGO 16,2008-06-21,7/24/2008,CDF,4800,LIGHTNING
MEU-4623,MENDOCINO,MALLO B,2008-06-21,7/17/2008,CDF,4466,LIGHTNING
TNF-1015,"YUBA/ NEVADA/
SIERRA",YUBA RIVER COMPLEX,2008-06-21,7/15/2008,USFS,4254,LIGHTNING
SHU-5626,SHASTA,IGO 6,2008-06-21,7/24/2008,CDF,4200,LIGHTNING
SHU-5829,SHASTA,IGO 18,2008-06-21,7/24/2008,CDF,4200,LIGHTNING
LNU-4790,NAPA,WILD,2008-06-21,6/26/2008,CDF,4200,UI
SHU-4711,SHASTA,STA 57 ONO CDF IGO 2,2008-06-21,7/24/2008,CDF,4000,LIGHTNING
BEU-2390,SAN BENITO,BROWN COMPLEX,2008-06-21,6/24/2008,CDF,3870,LIGHTNING
BTU-7581,BUTTE,WEST BRANCH,2008-06-21,6/21/2008,CDF,3206,LIGHTNING
MEU-4619,MENDOCINO,JACK SMITH LIGHTNING,2008-06-21,7/13/2008,CDF,3000,LIGHTNING
MEU-4653,MENDOCINO,SQUAW 1 LIGHTNING 2,2008-06-21,7/13/2008,CDF,3000,LIGHTNING
MEU-4703,MENDOCINO,DAUGHERTY/GATE LIGHTNING,2008-06-21,7/13/2008,CDF,3000,LIGHTNING
MNF-579,"LAKE, MENDOCINO/
TEHAMA",(MERGED WITH YOLLA BOLLY COMPLEX),2008-06-21,6/29/2008,USFS,3000,LIGHTNING
LMU-2725,SHASTA/LASSEN,POPCORN,2008-06-21,6/22/2008,CDF,3000,LIGHTNING
MEU-4617,MENDOCINO,WAGERS LIGHTNING,2008-06-21,6/21/2008,CDF,3000,LIGHTNING
STF-1063,TUOLUMNE,NORTH MOUNTAIN,2008-06-21,7/3/2008,USFS,2889,LIGHTNING
SHU-5827,SHASTA,IGO 17,2008-06-21,7/24/2008,CDF,2400,LIGHTNING
SNF-715,MADERA/MARIPOSA,OLIVER,2008-06-21,6/26/2008,USFS,2200,LIGHTNING
SHU-4733,SHASTA,WHITMORE RD/OLD CROW C2,2008-06-21,7/15/2008,CDF,2054,LIGHTNING
SHU-5656,TRINITY,LEWISTON 8,2008-06-21,7/23/2008,CDF,1311,LIGHTNING
BTU,BUTTE,FLEA VALLEY,2008-06-21,6/21/2008,CDF,1248,LIGHTNING
BTU-9806,BUTTE,FLEA VALLEY #2,2008-06-21,6/21/2008,CDF,1248,MISC.
SHU-5822,SHASTA,IGO 15,2008-06-21,7/24/2008,CDF,1200,LIGHTNING
SHU-5566,SHASTA,EO2A,2008-06-21,7/6/2008,CDF,1200,LIGHTNING
SHU-5568,SHASTA,STEIN,2008-06-21,7/7/2008,CDF,1148,LIGHTNING
HUU-3423,HUMBOLDT,PARADISE,2008-06-21,8/1/2008,CDF,1076,LIGHTNING
BTU-9812,BUTTE,LYNCH,2008-06-21,6/21/2008,CDF,800,MISC.
SCU-3094,SANTA CLARA,HUMMINGBIRD,2008-06-21,6/24/2008,CDF,750,LIGHTNING
BTU-7577,BUTTE,BREAKNECK,2008-06-21,7/9/2008,CDF,715,LIGHTNING
SHU-5817,SHASTA,IGO 13,2008-06-21,7/24/2008,CDF,600,LIGHTNING
SNF-0718,MARIPOSA /MADER,SILVER KNOB,2008-06-21,7/2/2008,USFS,600,LIGHTNING
SHU-4772,SHASTA,DONKEY MINE RD/OAK RU,2008-06-21,7/2/2008,CDF,557,LIGHTNING
MEU-4691,MENDOCINO,SHAMROCK EAST LIGHTNING,2008-06-21,7/12/2008,CDF,469,LIGHTNING
MEU-4639,MENDOCINO,BRUSHY 1  LIGHTNING,2008-06-21,7/9/2008,CDF,391,LIGHTNING
SHU-4743,SHASTA,COLEMAN FISH HATCHERY R3,2008-06-21,7/2/2008,CDF,388,LIGHTNING
MEU-4673,MENDOCINO,OSO LIGHTNING,2008-06-21,7/13/2008,CDF,373,LIGHTNING
MEU-4669,MENDOCINO,BRUSHY 3 LIGHTNING,2008-06-21,7/13/2008,CDF,327,LIGHTNING
KNF-3393,SISKIYOU,BEAR WALLOW COMPLEX,2008-06-22,9/30/2008,USFS,192038,LIGHTNING
LNU-4843,LAKE/COLUSA,WALKER,2008-06-22,6/29/2008,CDF,15000,HUMAN
MEU-4730,MENDOCINO,ORR SPRINGS RD UKV 2,2008-06-22,7/10/2008,CDF,3000,LIGHTNING
LMU-2725,LASSEN,POPCORN,2008-06-22,7/8/2008,CDF,3000,LIGHTNING
LNF-2781,TEHEMA,MILL COMPLEX,2008-06-22,6/29/2008,USFS,2100,LIGHTNING
SHU-5554,SHASTA,VENTURE,2008-06-22,7/4/2008,CDF,1912,LIGHTNING
MEU-4752,MENDOCINO,CLIFF RIDGE LIGHTNING,2008-06-22,7/12/2008,CDF,1000,LIGHTNING
LNF-2776,TEHEMA,ANTELOPE,2008-06-22,6/26/2008,USFS,600,LIGHTNING
CZU-5708,SAN MATEO,QUARRY,2008-06-22,6/29/2008,CDF,300,UI
LMU-2759,LASSEN,CORRAL,2008-06-23,7/7/2008,CDF,12500,LIGHTNING
MMU-8107,MARIPOSA,OLIVER,2008-06-23,7/6/2008,CDF,2789,LIGHTNING
TGU-4261,TEHAMA,MILL CREEK,2008-06-24,7/1/2008,CDF,13580,LIGHTNING
MEU-4941,MENDOCINO,JUAN CREEK LIGHTNING,2008-06-27,7/15/2008,CDF,450,UI
SQF-1356,KERN,PIUTE,2008-06-28,7/25/2008,USFS,37026,MISC.
MEU-5011,MENDOCINO,HARDY,2008-06-30,6/30/2008,CDF,5581,LIGHTNING
LPF-1778,SANTA BARBARA,GAP,2008-07-01,7/28/2008,USFS,9443,MISC.
TUU-348,TULARE,WIGGLE,2008-07-01,7/2/2008,CDF,450,ARSON
LMU-2934,LASSEN,DIXIE,2008-07-02,7/4/2008,CDF,350,LIGHTNING
MEU-5102,MENDOCINO,ORR SPRINGS RD ORR 3,2008-07-03,7/3/2008,CDF,3000,LIGHTNING
MEU-5167,MENDOCINO,MONTGOMERY FLAT LIGHTNING,2008-07-04,7/15/2008,CDF,3000,LIGHTNING
MEU-5165,MENDOCINO,ORR SERIES LIGHTNING,2008-07-04,7/13/2008,CDF,3000,LIGHTNING
MEU-5159,MENDOCINO,ALBION LIGHTNING,2008-07-04,7/8/2008,CDF,3000,LIGHTNING
MEU-5132,MENDOCINO,BUTCH LIGHTNING,2008-07-04,7/4/2008,CDF,2800,LIGHTNING
MEU-5155,MENDOCINO,JACK SMITH LIGHTNING,2008-07-04,7/15/2008,CDF,2000,UI
MEU-5160,MENDOCINO,LOW GAP 1 LIGHTNING,2008-07-04,7/15/2008,CDF,1700,UI
MEU-5136,MENDOCINE,LOST PIPE LIGHTNING,2008-07-04,7/10/2008,CDF,1200,LIGHTNING
MEU-5164,MENDOCINO,HORSE LIGHTNING,2008-07-04,7/8/2008,CDF,1000,UI
MEU-5152,MENDOCINO,JAMESON LIGHTNING,2008-07-04,7/13/2008,CDF,925,LIGHTNING
MEU-5147,MENDOCINO,TRAVIS 3 LIGHTNING,2008-07-04,7/4/2008,CDF,750,LIGHTNING
MEU-5139,MENDOCINO,CASOOSE CREEK LIGHTNING,2008-07-04,7/4/2008,CDF,550,LIGHTNING
MEU-5170,MENDOCINO,BURGER CK LIGHTNING,2008-07-04,7/12/2008,CDF,528,LIGHTNING
MEU-5148,MENDOCINO,BRUSHY LIGHTNING,2008-07-04,7/15/2008,CDF,391,LIGHTNING
MEU-5227,MENDOCINO,TRAVIS 1 LIGHTNING,2008-07-05,7/5/2008,CDF,650,LIGHTNING
MEU-5277,MENDOCINO,ALDER CREEK BEACH,2008-07-07,7/7/2008,CDF,1000,LIGHTNING
MMU-9015,MERCED,DINO IC,2008-07-10,7/11/2008,CDF,800,UNDETERMINE
KNP-0020,FRESNO,TEHIPITE,2008-07-19,11/11/2008,NPS,11596,LIGHTNING
MMU-9594,MERCED,HWY 152 E/ROMERO VI 113,2008-07-21,7/22/2008,CDF,700,UNDETERMINE
KNF-3624,SISKIYOU,"PANTHER (transferred to the
Klamath Theater)",2008-07-24,9/30/2008,USFS,72344,LIGHTNING
PNF-0784,PLUMAS,RICH,2008-07-29,8/10/2008,USFS,6112,RAILROAD
BTU-9395,BUTTE,CRAIG,2008-08-03,8/11/2008,CDF,2001,UI
INF-0656,MONO,SHERWIN,2008-08-03,8/8/2008,USFS,300,HUMAN
BEU-3008,MONTEREY,TURKEY,2008-08-07,8/8/2008,CDF,400,POWER EQUIP
BTU-9807,BUTTE,CAMP ( BELDON & PIT),2008-08-13,8/13/2008,CDF,47647,LIGHTNING
BTU-9805,BUTTE,EMPIRE,2008-08-13,8/3/2008,CDF,2000,LIGHTNING
BTU-9802,BUTTE,RIM,2008-08-13,8/13/2008,CDF,1651,LIGHTNING
BTU-9818,BUTTE,SMOKEY,2008-08-13,8/13/2008,CDF,1324,LIGHTNING
TUU-485,TULARE,ELK,2008-08-14,8/15/2008,CDF,600,ARSON
TUU-488,TULARE,RODEO 2,2008-08-14,8/15/2008,CDF,500,UNDETERMINE
TUU-486,TULARE,RODEO,2008-08-14,8/14/2008,CDF,500,UNDETERMINE
BNP-437,SISKIYOU,JACK,2008-08-17,8/22/2008,NPS,6900,LIGHTNING
KNF-4096,SISKIYOU,SLINKARD,2008-08-17,8/21/2008,USFS,374,LIGHTNING
FKR-9403,FRESNO,AVENAL,2008-08-19,8/20/2008,CDF,946,UI
NEU-18862,PLACER,GLADDING,2008-09-01,9/3/2008,CDF,1000,UI
SHF-1944,SHASTA,GULCH,2008-09-07,9/11/2008,USFS,2847,EQUIP
SHF-1949,SHASTA,ELMORE,2008-09-07,9/9/2008,USFS,343,ARSON
HIA-220,HUMBOLDT,DEERHORN,2008-09-08,9/14/2008,USFS,381,UI
KNP-0035,TULARE,HIDDEN,2008-09-10,9/30/2008,NP,3668,LIGHTNING
LPF-2754,MONTEREY,CHALK,2008-09-25,10/29/2008,USFS,16269,MISC.
MCP-08-2515,SAN DIEGO,ROBLAR,2008-09-25,9/29/2008,MIL,400,MISC.
STF-2458,TUOLUMNE,DOME ROCK,2008-09-30,11/15/2008,USFS,919,LIGHTNING
MCP-2640,SAN DIEGO,NOVEMBER,2008-10-08,10/9/2008,MIL,1400,HUMAN
LNU-8342,NAPA,DEER,2008-10-10,10/14/2008,CDF,300,EQUIP
ANF-3833,LOS ANGELES,MAREK,2008-10-12,10/16/2008,USFS,4824,MISC.
MRN-2428,MARIN,ANGEL,2008-10-12,10/14/2008,CDF/CC,303,UI
LAC-8231953,LOS ANGELES,SESNON,2008-10-13,10/18/2008,CDF/CC,14703,UI
MCP-2699,SAN DIEGO,JULIETT,2008-10-13,10/17/2008,MIL,4026,UI
YNP-764,MARIPOSA,WAWONA NW,2008-10-14,10/19/2008,NP,450,HUMAN
BTU-12764,BUTTE,LACKERMAN,2008-10-23,10/23/2008,CDF,1310,LIGHTNING
BTU-12769,BUTTE,LONG,2008-10-23,10/23/2008,CDF,420,LIGHTNING
SBC-9981,SANTA BARBARA,TEA INCIDENT,2008-11-13,11/17/2008,CDF/CC,1940,CAMPFIRE
LFD-1460,LOS ANGELES,SAYRE,2008-11-14,11/21/2008,CDF/CC,11262,MISC.
RRU-99962,RIVERSIDE,FREEWAY,2008-11-15,11/22/2008,CDF,30305,MISC.
BDU-1287,SAN BERNARDINO,FORT,2009-02-05,2/7/2009,CAL FIRE,945,DEBRIS
LPF-1479,SANTA BARBARA,JESUSITA,2009-05-05,5/20/2009,USFS,8733,UI
SCU-2013,STANISLAUS,MUSTANG,2009-05-13,5/16/2009,CAL FIRE,570,DEBRIS
JTP-7519,RIVERSIDE,LOST HORSE,2009-05-24,5/26/2009,NPS,450,HUMAN
RRU-046619,RIVERSIDE,OLIVER,2009-05-27,5/27/2009,CAL FIRE,500,OTHER
TUU-126,TULARE,TUU LIGHTNING COMPLEX,2009-05-28,5/31/2009,CAL FIRE,485,LIGHTNING
YNP-1510,MARIPOSA,GROUSE,2009-05-30,7/13/2009,USFS,3047,LIGHTNING
YNP-1659,TUOLUMNE,HARDEN,2009-06-08,7/11/2009,USFS,1661,LIGHTNING
SQF-2025,TULARE,SHOTGUN,2009-06-17,7/11/2009,USFS,900,LIGHTNING
SCU-2565,SAN JOAQUIN,EXPLOSIVE,2009-06-19,6/19/2009,CAL FIRE,2163,EQUIPMENT
KRN-18041,KERN,PARKWAY,2009-06-22,6/22/2009,CAL FIRE/C,690,EQUIPMENT
TCU-5820,CALAVERAS,ROCK,2009-06-28,6/28/2009,CAL FIRE,410,POWERLINE
LNU-4337,YOLO,RUMSEY,2009-06-29,7/2/2009,CAL FIRE,716,UNDETERMINED
SQF-2139,TULARE,LION COMPLEX,2009-06-30,8/21/2009,USFS,3988,LIGHTNING
SRF-1131,TRINITY/HUMBOLDT,BACKBONE,2009-07-01,7/24/2009,USFS,6324,LIGHTNING
MCP-091662,SAN DIEGO,YANKEE,2009-07-11,7/14/2009,MIL,2200,UI
LPF-2787,VENTURA,SULPHUR,2009-07-11,7/13/2009,USFS,350,UI
ANF-2787,LOS  ANGELES,OSITO,2009-07-13,7/14/2009,USFS,304,UI
NEU-14435,PLACER,MAMMOTH,2009-07-16,7/18/2009,CAL FIRE,650,UI
INF-885,INYO,FORK,2009-07-18,7/27/2009,USFS,3268,UI
KNF-4692,SISKIYOU,TENNANT,2009-07-19,7/27/2009,USFS,3225,UI
STF-2207,TUOLUMNE,KNIGHT,2009-07-26,8/11/2009,USFS,6130,UI
MMU-10699,MADERA,ASH,2009-07-27,7/29/2009,CAL FIRE,300,EQUIPMENT
YNP-2968,TUOLUMNE,WILDCAT,2009-07-29,8/31/2009,USFS/NPS,1100,LIGHTNING
LNF-3923,SHASTA,HAT CREEK COMPLEX,2009-08-01,8/12/2009,USFS,11269,LIGHTNING
NOD-3703,LASSEN,W-4,2009-08-01,8/7/2009,BLM,1500,LIGHTNING
LPF-2536,MONTEREY,PONDEROSA,2009-08-01,8/7/2009,USFS,458,UI
LNP-3883,SHASTA,FAIRFIELD,2009-08-02,8/21/2009,USFS,1664,LIGHTNING
LNF-3874,SHASTA,BROWN (H-31)(Part of HAT CR,2009-08-02,8/12/2009,USFS,1000,LIGHTNING
SHU-5629,SHASTA,CHALK (SHU COMPLEX),2009-08-03,8/16/2009,CAL FIRE,6895,LIGHTNING
SHU-5652,SHASTA,CASSEL (SHU COMPLEX),2009-08-03,8/14/2009,CAL FIRE,6319,LIGHTNING
SHU-5639,SHASTA,GOOSE (SHU COMPLEX),2009-08-03,8/17/2009,CAL FIRE,3918,LIGHTNING
SHU-5641,SHASTA,GOMEZ (SHU COMPLEX),2009-08-03,8/17/2009,CAL FIRE,404,LIGHTNING
LPF-2631,SANTA BARBARA,LA BREA,2009-08-08,8/23/2009,USFS,89489,HUMAN
CZU-7246,SANTA CRUZ,LOCKHEED,2009-08-12,8/23/2009,CAL FIRE,7817,UI
SHU-5969,TRINITY,COFFIN,2009-08-12,8/15/2009,CAL FIRE,1300,HUMAN
SCU-3410,SAN JOAQUIN,CORRAL,2009-08-13,8/16/2009,CAL FIRE,12200,OTHER
NEU-16856,YUBA,YUBA,2009-08-14,8/24/2009,CAL FIRE,3891,UNDETERMINED
PNF-782,PLUMAS,ELEPHANT,2009-08-16,8/21/2009,USFS,448,UI
KNF-5754,SISKIYOU,RED ROCK,2009-08-21,9/4/2009,USFS,1364,HUMAN
ANF-3616,LOS ANGELES,MORRIS,2009-08-25,9/3/2009,USFS,2168,UI
ANF-3622,LOS ANGELES,STATION,2009-08-26,10/16/2009,USFS,160577,HUMAN
YNP-3660,MARIPOSA,BIG MEADOWS,2009-08-26,9/10/2009,USFS,7425,HUMAN
BEU-2816,MONTEREY,BRYSON,2009-08-26,8/29/2009,CAL FIRE,3383,STRUCTURE (EX
MCP-2601,SAN DIEGO,RIDGE,2009-08-26,8/29/2009,MIL,500,UI
BEU-2830,MONTEREY,GLORIA,2009-08-27,9/1/2009,CAL FIRE,6437,EQUIPMENT
BDF-11598,RIVERSIDE,COTTONWOOD,2009-08-27,8/31/2009,USFS,2409,UI
LMU-4366,LASSEN,DAY,2009-08-27,8/30/2009,CAL FIRE,853,UNDETERMINED
SCU-3627,SANTA CLARA,PACHECO,2009-08-29,8/30/2009,CAL FIRE,1600,EQUIPMENT
BDU-9598,SAN BERNARDINO,OAK GLEN III,2009-08-30,9/8/2009,CAL FIRE,1159,HUMAN
NEU-18111,PLACER,FORTY NINE,2009-08-30,9/1/2009,CAL FIRE,311,ARSON
BDU-9640,SAN BERNARDINO,PENDLETON,2009-08-31,9/4/2009,MIL,860,HUMAN
LNU-6597,LAKE,OASIS,2009-09-07,9/12/2009,CAL FIRE,1500,OPEN/OUTDOORS
RRU-82718,RIVERSIDE,VAIL,2009-09-19,9/20/2009,CAL FIRE,398,EQUIPMENT
PNF-961,PLUMAS,SILVER,2009-09-19,9/21/2009,USFS,307,UI
VNC-54871,VENTURA,GUIBERSON,2009-09-22,10/1/2009,CALFIRE/CC,17500,UI
BDU-10682,SAN BERNARDINO,CRAFTON,2009-09-23,9/26/2009,CALFIRE,347,UNDETERMINED
SQF-3728,TULARE,POWER,2009-09-27,9/29/2009,USFS,326,UI
LNU-7321,YOLO,SIX (not in nfirs),2009-10-01,10/1/2009,LOCAL,1235,UI
AFV-3254,VANDENBURG AFB,HIGHWAY,2009-10-01,10/3/2009,MIL,617,HUMAN
BDF-13278,SAN BERNARDINO,SHEEP,2009-10-03,10/10/2009,USFS,7128,UI
HIA-0221,HUMBOLDT,MILL CREEK #4,2009-10-07,10/17/2009,BIA,2750,UI
CZU-9867,SANTA CRUZ,LOMA,2009-10-25,10/27/2009,CAL FIRE,485,UNDETERMINED
SLU-8148,SAN  LUIS OBISPO,HERNRICK VMP,2009-11-14,11/14/2009,CAL FIRE,600,DEBRIS
MNF-1745,GLENN,DOE,2009-11-28,11/29/2009,USFS,550,HUMAN
RRU-41963,RIVERSIDE,PEDLEY,2010-05-12,5/13/2010,CALFIRE,850,UI
CND-1112,SAN LUIS OBISPO,COTTON,2010-05-15,5/17/2010,USFS,2044,UI
KRN-1013254,KERN,METZEN,2010-05-15,5/15/2010,CALFIRE/CC,360,OTHER
RRU-044545,RIVERSIDE,MCKINLEY,2010-05-20,5/22/2010,CALFIRE,1000,HUMAN
TUU-0000098,TULARE,BALE,2010-06-04,6/4/2010,CALFIRE,485,EQUIPMENT
MMU-007933,MERCED,CHILDS,2010-06-05,6/5/2010,CALFIRE,462,HUMAN
FKU-0006047,FRESNO,WHITES,2010-06-07,6/7/2010,CALFIRE,350,EQUIPMENT
SCU-002282,STANISLAUS,STUHR,2010-06-08,6/10/2010,CALFIRE,586,EQUIPMENT
MMU-008291,MERCED,ROBINSON,2010-06-11,6/12/2010,CALFIRE,1600,UI
SCU-002461,ALAMEDA,DIABLO,2010-06-18,6/19/2010,CALFIRE,475,
BTU-0007746,BUTTE,PALERMO,2010-07-04,7/5/2010,CALFIRE,900,MISUSE OF FIRE
SBC-006024,SANTA BARBARA,166,2010-07-12,7/12/2010,CALFIRE/CC,350,UNDETERMINE
MCP-2054,SAN DIEGO,ALISO,2010-07-13,7/15/2010,MILITARY/USFS,3225,
RRU-062442,RIVERSIDE,CACTUS,2010-07-15,7/18/2010,CALFIRE,720,LIGHTNING
CND-2466,KERN,BODFISH,2010-07-15,7/18/2010,USFS,552,LIGHTNING
RRU-062475,RIVERSIDE,SKINNER,2010-07-15,7/18/2010,CALFIRE,503,LIGHTNING
KNP-0039,FRESNO,SHEEP,2010-07-16,7/16/2010,NPS,8967,LIGHTNING
CDD-11051,KERN,SAND 2,2010-07-16,7/22/2010,USFS,1254,LIGHTNING
CDD-11175,KERN,INDIAN,2010-07-18,7/24/2010,USFS,1822,LIGHTNING
OVD-903,MONO,PATATO,2010-07-24,7/27/2010,USFS,686,
YNP-2777,TUOLUMME,SLOPE,2010-07-25,7/25/2010,NPS,1711,LIGHTNING
SQF--2701,KERN,BULL,2010-07-26,8/10/2010,USFS,16442,HUMAN
INF-934,MONO,MONO,2010-07-26,7/29/2010,USFS,1205,LIGHTNING
NOD-3688,LASSEN,MCDONALD,2010-07-27,8/10/2010,USFS,9408,LIGHTNING
KRN-21461,KERN,WEST,2010-07-27,8/6/2010,CALFIRE,1650,EQUIPMENT
LAC-1016920,LOS ANGELES,CROWN,2010-07-29,8/3/2010,CALFIRE/CC,14000,UNDETERMINED
ANF-3201,LOS ANGELES,BRIGGS,2010-07-29,7/30/2010,USFS,510,UI
PNF-0700,PLUMAS,BAR,2010-07-31,8/10/2010,USFS,1040,UI
KNF-5561,SISKIYOU,DUTCH,2010-07-31,8/4/2010,USFS,371,UI
SNF-1497,MADERA,BUCKHORN,2010-08-07,8/7/2010,USFS,466,LIGHTNING
YNP-3213,TUOLUMME,VERNON,2010-08-08,8/8/2010,NPS,909,LIGHTNING
STF-2269,TUOLUMME,PINECREST,2010-08-09,10/15/2010,USFS,799,LIGHTNING
TUU-0320,TULARE,STOKES 2,2010-08-17,8/18/2010,CALFIRE,879,HUMAN
NEU-0017796,PLACER,BASELINE,2010-08-20,8/21/2010,CALFIRE,434,UNDETERMINE
SLU-6481,SAN LUIS OBISPO,POZO,2010-08-21,8/22/2010,CALFIRE,1200,UNDETERMINE
MVU-9309,SAN DIEGO,MONTE,2010-08-21,8/23/2010,CAL FIRE,929,UI
LNU-6365,LAKE,INDIAN,2010-08-24,8/26/2010,CALFIRE,450,UNDETERMINE
SCU-3525,CONTRA COSTA,CURRY,2010-08-24,8/31/2010,CALFIRE/CC,375,OTHER
KRN-24500,KERN,POST,2010-08-25,8/28/2010,CALFIRE/CC,1312,UNDETERMINE
NEU-18316,NEVADA,BULLARDS,2010-08-27,9/13/2010,CALFIRE,1500,OTHER
TNF-1579,YUBA,BULLARD,2010-08-27,8/31/2010,USFS,1307,HUMAN
MVU-9767,SAN DIEGO,COWBOY,2010-09-02,9/7/2010,CAL FIRE,827,UI
STF-35641,KERN,CANYON,2010-09-12,9/19/2010,USFS,9820,HUMAN
BDU-002312,INYO,WINTERTON,2011-03-09,3/9/2011,CALFIRE,395,DEBRIS
BDU-002915,INYO,CENTER,2011-03-18,3/20/2011,CALFIRE,850,UNDETERMINED
BEU-001593,MONTEREY,METZ,2011-05-12,5/14/2011,CALFIRE,832,OTHER
SQF-001234,KERN,COVE,2011-05-27,5/31/2011,USFS,1122,UI
BEU-0001778,MONTEREY,CATTLEMAN,2011-05-29,5/29/2011,CALFIRE,382,OTHER
MDF-0000181,MODOC,COUGAR,2011-06-08,6/13/2011,USFS,2000,HUMAN
KRN-1117159,KERN,IKEA,2011-06-12,6/12/2011,LOCAL,640,OTHER
KRN-017988,KERN,ANTELOPE,2011-06-19,6/21/2011,LOCAL,5200,UNDETERMINE
KRN-1118260,KERN,QUINN,2011-06-21,6/22/2011,LOCAL,3154,UNDETERMINE
SLU-4752 (1),SAN LUIS OBISPO,HIGHWAY,2011-06-24,6/24/2011,CAL FIRE,387,EQUIPMENT
TCU-5166,STANISLAUS,EASTMAN,2011-06-24,6/24/2011,CAL FIRE,330,OTHER
MMU- 9446,MERCED,REST,2011-06-26,6/26/2011,CAL FIRE,575,OTHER
TUU-000134,TULARE,STAGE,2011-06-27,7/2/2011,CALFIRE,1213,EQUIPMENT
HUU-003190,HUMBOLDT,SPANISH,2011-07-01,7/5/2011,CALFIRE,498,HUMAN
SCU-002637,SAN JOAQUIN,CHRISMAN,2011-07-05,7/5/2011,CALFIRE,400,EQUIPMENT
ORC-045067,ORANGE,CARBON CANYON,2011-07-07,7/8/2011,LOCAL,508,UNDETERMINE
SQF-002087,TULARE,LION,2011-07-08,10/10/2011,USFS,20500,LIGHTNING
TUU-0000188,TULARE,GRANITE,2011-07-09,7/12/2011,CALFIRE,780,UNDETERMINED
NEU-0015232,YUBA,KRISTA,2011-07-09,7/11/2011,CALFIRE,360,EQUIPMENT
SCU-0002779,ALAMEDA,FLYNN,2011-07-14,7/14/2011,CALFIRE,500,EQUIPMENT
MDF-00324,MODOC,SCORPION COMPLEX,2011-07-15,7/18/2011,USFS,2945,UI
MVU-8019,SAN DIEGO,EAGLE,2011-07-21,7/29/2011,CALFIRE,14100,INCENDIARY
SCU-2885,ALAMEDA,FLYNN,2011-07-21,7/22/2011,CALFIRE,545,INCENDIARY
MMU-0011070,MERCED,ROMERO,2011-07-23,7/23/2011,CALFIRE,489,UNDETERMINED
MMU-11070,MERCED,ROMERO,2011-07-23,7/23/2011,CALFIRE,489,UNDETERMINE
YNP-2558,MARIPOSA,AVALANCHE,2011-07-31,10/1/2011,NPS,817,LIGHTNING
MEU-5340,MENDOCINO,PASS,2011-08-03,8/7/2011,CALFIRE,616,EQUIPMENT
RRU-71943,RIVERSIDE,GILMAN,2011-08-06,8/7/2011,CALFIRE,945,UNDETERMINE
LNU-6369,NAPA,KNOXVILLE,2011-08-13,8/15/2011,CALFIRE,506,UNDETERMINE
NOD-3546,MODOC,ANNIE,2011-08-18,8/21/2011,USFS,2076,UI
KNF-6061,SISKIYOU,ONION,2011-08-19,9/10/2011,USFS,562,LIGHTNING
BDF-012349,SAN BERNARDINO,KEN,2011-08-22,8/24/2011,USFS,373,UI
SNF-2117,MARIPOSA,MOTOR,2011-08-25,9/4/2011,USFS,5231,
LNU-6823,SOLANO,BEACON,2011-08-27,8/27/2011,CALFIRE,715,UI
LAC-194624,LOS ANGELES,OASIS,2011-08-27,8/30/2011,LAC,355,UI
CDD-12657,SAN  BERNARDINO,WELLS,2011-08-28,8/31/2011,USFS,1723,LIGHTNING
RRU-79634,RIVERSIDE,KELLER,2011-08-29,8/31/2011,CALFIRE,458,EQUIPMENT
BDU-9968,SAN BERNARDINO,HILL,2011-09-02,9/8/2011,CALFIRE,1135,UNDETERMINE
SLU-007086,SAN LUIS OBISPO,SODA,2011-09-03,9/4/2011,CALFIRE,1528,EQUIPMENT
LPF-002238,SANTA BARBARA,FIGUEROA,2011-09-03,9/5/2011,LOCAL,698,UI
KRN-027244,KERN,CANYON,2011-09-04,9/11/2011,LOCAL,14585,EQUIPMENT
TUU-00345,TULARE,ROADRUNNER,2011-09-04,9/5/2011,CALFIRE,335,UNDETERMINED
SQF-3282,TULARE,WILLOWS,2011-09-04,9/7/2011,USFS,310,UI
LAC-1121525,LOS ANGELES,WAGON WHEEL,2011-09-05,9/6/2011,LOCAL,500,UI
TCU-7982,SQN JOAQUIN,MILTON,2011-09-09,9/11/2011,CALFIRE,1122,LIGHTNING
KRN-27933,KERN,COMANCHE COMPLEX,2011-09-10,9/17/2011,LOCAL,29338,LIGHTNING
KRN-27969,KERN,BRECKENRIDGE COMPLEX,2011-09-10,9/17/2011,LOCAL,25213,LIGHTNING
KRN-27912,KERN,KEENE COMPLEX,2011-09-10,9/14/2011,LOCAL,2577,LIGHTNING
TUU-368,TULARE,TENNESSEE,2011-09-11,9/12/2011,CALFIRE,380,LIGHTNING
BDU-10475,INYO,JOHN,2011-09-13,9/16/2011,CALFIRE,5300,EQUIPMENT
YNP-3619,MARIPOSA,TAMARACK,2011-09-13,10/17/2011,NPS,1011,LIGHTNING
ENF-021563,EL DORADO,LONG,2011-09-13,10/1/2011,USFS,483,LIGHTNING
STF-3013,TUOLUMNE,BURST COMPLEX,2011-09-15,9/15/2011,USFS,508,LIGHTNING
ANF-04969,LOS ANGELES,MINT,2011-09-17,9/18/2011,LOCA L,634,UI
KRN-1129619,KERN,65 FIRE,2011-09-23,9/23/2011,LOCAL,2005,LIGHTNING
SRF-001848,TRINITY,RUTH,2011-09-23,9/28/2011,USFS,1460,UI
KRN-1129618,KERN,OLD FIRE,2011-09-23,9/24/2011,LOCAL,410,LIGHTNING
TUU-0000393,TULARE,TUU SEPT.. LIGHTNING,2011-09-23,9/25/2011,CALFIRE,350,LIGHTNING
NV-HTF-994,MONO,BUCKEYE,2011-09-25,9/27/2011,LOCAL,1140,LIGHTNING
BDF-013860,RIVERSIDE,WINDY POINT,2011-09-25,9/26/2011,USFS,541,UI
MVU-11019,SAN DIEGO,GREAT,2011-10-01,10/7/2011,CALFIRE,2135,UNDETERMINED
TCU-10455,CALAVERAS/ TOLUMN,BLUE,2011-12-01,12/6/2011,CALFIRE,735,UI
ENF-38070,ELDORADO,ENF WIND COMPLEX,2011-12-01,12/1/2011,USFS,541,HUMAN
MMU-7830,MARIPOSA,RIVER,2012-05-18,5/22/2012,CALFIRE,320,UNDETERMINED
MVU-005400,SAN DIEGO,BANNER 4,2012-05-24,5/29/2012,CAL FIRE,5320,UNDETERMINED
MMU-008599,MERCED,BILLY,2012-05-31,5/31/2012,CAL FIRE,434,ELECTRICAL
LAC-134232,LOS ANGELES,5 MILE,2012-06-08,6/9/2012,CAL FIRE,525,EQUIPMENT
MMU-009308,MARIPOSA,GAINES,2012-06-12,6/14/2012,CAL FIRE,1700,ELECTRICAL
FKU-7091,FRESNO,LASSEN,2012-06-12,6/13/2012,CALFIRE,418,UNDETERMINED
RRU-059216,RIVERSIDE,HIGHLAND,2012-06-16,6/18/2012,CAL FIRE,2171,UNDETERMINED
YNP-1473,MARIPOSA,CASCADE,2012-06-16,11/26/2012,NPS,1705,LIGHTNING
LPE-1439,VENTURA,OZENA,2012-06-16,6/17/2012,USFS,361,UI
MVU-6329,SAN DIEGO,OLD 2,2012-06-17,6/20/2012,CAL FIRE,995,UNDETERMINED
RRU-059775,RIVERSIDE,VIEW,2012-06-17,6/18/2012,CAL FIRE,375,ELECTRICAL
SQF-001644,KERN,GULCH,2012-06-19,6/21/2012,USFS,385,HUMAN
LPF-1505,VENTURA,HILL,2012-06-23,6/27/2012,USFS,689,UI
SHU-005135,SHASTA,DALE,2012-07-05,7/7/2012,CALFIRE,1083,UNDETERMINED
MNF-1109,COLUSA,MILL,2012-07-07,7/18/2012,USFS,29502,UI
BDU-7678,INYO,FISH,2012-07-07,7/9/2012,CAL FIRE,1103,UNDETERMINED
LNU-5039,COLUSA,GRAPEVINE,2012-07-08,7/12/2012,CAL FIRE,1870,UNDETERMINED
LNU-5038,COLUSA,SITES,2012-07-08,7/9/2012,CAL FIRE,365,UNDETERMINED
BEU-3109,MONTEREY,TURKEY,2012-07-09,7/10/2012,CAL FIRE,2529,EQUIPMENT
LNU-5056,COLUSA,RAIL,2012-07-09,7/12/2012,CAL FIRE,1870,UNDETERMINED
TCU-6227,TUOLUMNE,SEVEN,2012-07-10,7/11/2012,CAL FIRE,840,UNDETERMINED
NEU-15060,PLACER,ROBBERS,2012-07-11,7/21/2012,CALFIRE,2650,ARSON
SHF-2290,TRINITY,FLAT,2012-07-11,7/17/2012,USFS,1688,UI
KNP-0072,FRESNO,WOODS CREEK,2012-07-15,7/21/2012,USFS,325,LIGHTNING
SLU-5716,SAN LUIS OBISPO,CALF,2012-07-16,7/18/2012,CALFIRE,640,EQUIPMENT
KRN-22306,KERN,SAND,2012-07-17,7/19/2012,CALFIRE,1428,EQUIPMENT
NOD-3016,LASSEN,SPANISH,2012-07-18,7/21/2012,USFS,1169,N/A
LNU-5495,YOLO,FOREST,2012-07-21,7/24/2012,CALFIRE,520,EQUIPMENT
LNP-3115,SHASTA,READING,2012-07-23,8/21/2012,NPS,28079,LIGHTNING
TGU-5964,TEHAMA,PASKENTA,2012-07-25,7/25/2012,CALFIRE,300,VEHICLE
MEU-5115,MENDOCINO,NORTH,2012-07-28,7/30/2012,CALFIRE,383,UNDETERMINED
KRN-23612,KERN,GRAPE,2012-07-28,7/29/2012,CALFIRE,370,UNDETERMINED
PNF -1001,PLUMAS/LASSEN,CHIPS,2012-07-29,8/31/2012,USFS,75217,UI
PNF--00998,PLUMAS,PEAK,2012-07-29,8/2/2012,USFS,800,UI
SHF-2521,SHASTA,SALT CREEK,2012-08-01,8/4/2012,USFS,980,UI
RRU-7075254,RIVERSIDE,VOLCANO,2012-08-01,8/5/2012,CALFIRE,356,EQUIPMENT
KNF-5426,SISKIYOU,DILLON,2012-08-03,8/7/2012,USFS,318,HUMAN
SQF-2476,KERN,PIUTE COMLEX,2012-08-04,8/11/2012,USFS,1783,LIGHTNING
RRU-76402,RIVERSIDE,RUSHMORE,2012-08-04,8/4/2012,CALFIRE,1000,UNDETERMINED
KNF-5659,SISKIYOU,FORT COMPLEX,2012-08-05,9/10/2012,USFS,23653,LIGHTNING
MDF-0429,MODOC,LAKE COMPLEX,2012-08-05,8/9/2012,USFS,1668,LIGHTNING
SNF-1940,FRESNO,BEAR,2012-08-05,8/12/2012,USFS,835,LIGHTNING
FWF-120680,MODOC,BARRYPOINT (CA LAND),2012-08-06,8/28/2012,USFS,38394,LIGHTNING
OVD-942,MONO,INDIAN,2012-08-08,8/15/2012,USFS,12574,LIGHTNING
MVU-8547,SAN DIEGO,CHIHUAHUA 2,2012-08-09,8/12/2012,CALFIRE,2006,LIGHTNING
CDD-11542,KERN,JAWBONE COMPLEX,2012-08-10,8/22/2012,NPS/BLM,1218,LIGHTNING
DVP-11569,INYO,SOUTH COMPLEX,2012-08-10,10/16/2012,USFS,453,LIGHTNING
STF-2954,CALAVERAS,RAMSEY,2012-08-11,8/31/2012,USFS,1137,CAMPFIRE
NOD-3490,LASSEN,RUSH,2012-08-12,8/31/2012,NPS/BLM,271911,LIGHTNING
LNU-6334,LAKE/ COLUSA,WALKER,2012-08-12,8/14/2012,CALFIRE,5000,UNDETERMINED
LNU-6335,LAKE/COLUSA,WYE,2012-08-12,8/18/2012,CALFIRE,2934,UNDETERMINED
MVU-8747,SAN DIEGO,VALLECITO LIGHTNING COMPLEX,2012-08-13,8/20/2012,CALFIRE,22829,LIGHTNING
BTU-8116,TEHAMA,MILL,2012-08-13,8/23/2012,CALFIRE,1641,ARSON
RRU-080142,RIVERSIDE,BUCK,2012-08-14,8/18/2012,CALFIRE,2681,LIGHTNING
NOD-3596,MODOC,NELSON (W-1),2012-08-17,8/21/2012,NPS/BLM,3661,LIGHTNING
SHF-2744,SHASTA,BAGLEY,2012-08-18,9/1/2012,USFS,46011,LIGHTNING
MNF-1446,MENDOCINO,NORTH PASS,2012-08-18,9/1/2012,USFS,41983,LIGHTNING
TGU-6696,TEHAMA/SHASTA,PONDEROSA,2012-08-18,9/2/2012,CALFIRE,27676,LIGHTNING
SHF-2735,SHASTA,BAGLEY COMPLEX,2012-08-18,8/22/2012,NPS,1000,LIGHTNING
RRU-82309,RIVERSIDE,VISTA,2012-08-20,8/21/2012,CALFIRE,500,EQUIPMENT
MDF-521,MODOC,ANTELOPE,2012-08-21,8/25/2012,NPS,650,LIGHTNING
ANF-4803,LOS ANGELES,WILLIAMS,2012-09-02,9/11/2012,USFS,4192,UI
LNU-7072,COLUSA,SIXTEEN COMPLEX,2012-09-04,9/11/2012,CALFIRE,19000,UNDETERMINED
NOD-3916,LASSEN,LIKELY,2012-09-05,9/14/2012,USFS,9838,HUMAN
SHF-2894,TRINITY,STAFFORD,2012-09-05,9/13/2012,USFS,4407,UI
MEU-6376,LAKE,SCOTTS,2012-09-07,9/14/2012,CALFIRE,4517,CAMPFIRE
SHF-2922,SHASTA,WARD,2012-09-11,9/14/2012,USFS,550,UI
MVU-010383,SAN DIEGO,SHOCKEY,2012-09-23,9/27/2012,CAL FIRE,2555,UNDETERMINED
RRU-96791,RIVERSIDE,RANGE,2012-09-29,10/1/2012,CAL FIRE,351,MISC
LNU-008431,LAKE,TWENTY NINE,2012-10-18,10/21/2012,CAL FIRE,300,ELECTRICAL
BDF-16430,SAN BERNARDINO,DEVORE,2012-11-05,11/6/2012,USFS,335,UI
LNU-477,LAKE,BECKS,2013-01-22,1/23/2013,CAL FIRE,335,DEBRIS BURNING
BDU-2372,INYO,RIVER,2013-02-24,2/28/2013,CAL FIRE,407,VEHICLE
RRU-22083,RIVERSIDE,JURUPA,2013-02-28,3/2/2013,CAL FIRE,300,UNDETERMINED
BTU-5648,TEHAMA,PANTHER,2013-05-01,5/9/2013,CALFIRE,6896,HUMAN
RRU-44298,RIVERSIDE,SUMMIT,2013-05-01,5/4/2013,CAL FIRE,2956,UNDETERMINED
VNC-12193,VENTURA,SPRINGS,2013-05-02,5/9/2013,CC,24251,UI
BEU-2109,SAN BENITO,TRES PINOS,2013-05-03,5/4/2013,CAL FIRE,354,EQUIPMENT
MEU-3381,MENDOCINO,FOSTER,2013-05-03,5/5/2013,CAL FIRE,300,DEBRIS BURNING
RRU-45459,RIVERSIDE,GORGONIO,2013-05-04,5/4/2013,CAL FIRE,650,UNDETERMINED
LPF-1281,KERN,GRAND,2013-05-15,5/22/2013,USFS,4346,UI
LAC-118144,LOS ANGELES,LAKE,2013-05-17,5/20/2013,CC,712,HUMAN
MVU-10345,SAN DIEGO,FELIPE,2013-05-23,5/29/2013,CAL FIRE,2650,HUMAN
MVU-11025,SAN DIEGO,GENERAL,2013-05-26,5/31/2013,CAL FIRE,2500,HUMAN
MMU-8520,MERCED,RIVER,2013-05-26,5/27/2013,CAL FIRE,450,HUMAN
LPF-1473,SANTA BARBARA,WHITE,2013-05-27,6/5/2013,USFS,1984,HUMAN
ANF-2297,LOS ANGELES,POWERHOUSE,2013-05-30,6/10/2013,USFS,30274,UI
TCU-4607,SAN JOAQUIN,SHELTON,2013-05-30,5/30/2013,CAL FIRE,303,EQUIPMENT
LPF-1535,SAN LUIS OBISPO,BRANCH,2013-06-01,6/4/2013,USFS,486,UI
SNF-1216,MARIPOSA,CARSTENS,2013-06-16,6/26/2013,USFS,1708,HUMAN
MMU-9861,MADERA,ROLLING,2013-06-16,6/18/2013,CAL FIRE,480,VEHICLE
BDU-7912,SAN BERNARDINO,MILL,2013-06-28,7/2/2013,CAL FIRE,534,HUMAN
SCU-3899,CONTRA COSTA,KIRKER,2013-07-01,7/2/2013,CAL FIRE,492,ELECTRICAL POWER
LMU-2700,MODOC,FOX,2013-07-03,7/7/2013,CAL FIRE,502,LIGHTNING
MVU-14084,SAN DIEGO,CHARIOT,2013-07-06,7/15/2013,CAL FIRE,7055,UNDETERMINED
ENF-16230,EL DORADO,KYBURZ,2013-07-08,7/11/2013,USFS,572,HUMAN
RRU-71832,RIVERSIDE,MOUNTAIN,2013-07-15,7/31/2013,CAL FIRE,27531,ELECTRICAL POWER
KRN-1323633,KERN,RANCHO,2013-07-19,7/22/2013,CC,500,UNDETERMINED
SNF-1732,FRESNO,ASPEN,2013-07-22,9/8/2013,USFS,22992,LIGHTNING
KRN-1324091,KERN,WATER,2013-07-23,7/25/2013,CC,612,HUMAN
SRF-1373,HUMBOLDT,DANCE,2013-07-29,8/2/2013,USFS,577,UI
KNF-5949,SISKIYOU,FORKS COMPLEX,2013-07-31,10/1/2013,USFS,37246,HUMAN
CNF-2512,RIVERSIDE,FALLS,2013-08-05,8/9/2013,USFS,1383,UI
STF-2613,TUOLUMNE,POWER,2013-08-05,8/13/2013,USFS,1070,UI
RRU-79781,RIVERSIDE,SILVER,2013-08-07,8/15/2013,CAL FIRE,20292,UNDETERMINED
SRF-1486,HUMBOLDT,CORRAL COMPLEX,2013-08-10,10/2/2013,USFS,12503,LIGHTNING
TNF-1562,PLACER,AMERICAN,2013-08-11,8/29/2013,USFS,27440,UI
BTU-10969,BUTTE,SWEDES,2013-08-16,8/22/2013,CAL FIRE,2264,EQUIPMENT
STF-2857,TUOLUMNE,RIM,2013-08-17,10/27/2013,USFS,257314,UI
SQF-3229,KERN,SHIRLEY COMPLEX,2013-08-18,8/22/2013,USFS,794,LIGHTNING
PNF-1324,PLUMAS,HOUGH COMPLEX,2013-08-18,8/24/2013,USFS,513,LIGHTNING
BDF-11417,SAN BERNARDINO,GOBBLERS,2013-08-20,8/30/2013,USFS,413,LIGHTNING
FHL-2679,MONTEREY,MISSION,2013-08-22,8/25/2013,USFS,4500,HUMAN
TGU-6768,TEHAMA,DEER,2013-08-23,8/29/2013,CAL FIRE,11429,ELECTRICAL POWER
SQF-3295,TULARE,FISH,2013-08-23,9/5/2013,USFS,2060,LIGHTNING
KNP-113,FRESNO,WINDY PEAK,2013-08-23,10/20/2013,USFS,681,LIGHTNING
SCU-5452,CONTRA COSTA,MORGAN,2013-09-08,9/14/2013,CAL FIRE,3100,HUMAN
SHU-8265,SHASTA,CLOVER,2013-09-09,9/15/2013,CAL FIRE,8073,UNDETERMINED
LNU-8566,NAPA,PUTAH,2013-10-03,10/4/2013,CAL FIRE,376,UNDETERMINED
BTU-13464,BUTTE,SUMMIT,2013-10-04,10/5/2013,CAL FIRE,305,MISCELLANEOUS
MCP-3197,SAN DIEGO,DELUZ,2013-10-05,10/9/2013,DOD,2236,UI
LNU-10188,SONOMA,MCCABE,2013-11-22,11/28/2013,CAL FIRE,3505,ELECTRICAL POWER
MNF-1729,LAKE,HIGHGLADE,2013-11-23,11/29/2013,USFS,305,UI
LPF-3810,MONTEREY,PFEIFFER,2013-12-16,12/20/2013,USFS,917,UI
LNF-27,TEHAMA,CAMPBELL,2014-01-02,1/10/2014,USFS,865,HUMAN
HUU-81,HUMBOLDT,RED,2014-01-04,1/12/2014,CAL FIRE,333,DEBRIS BURNING
SQF-120,TULARE,SODA,2014-01-14,4/19/2014,USFS,1612,UNDETERMINED
ANF-231,LOS ANGELES,COLBY,2014-01-16,1/24/2014,USFS,1952,UNDETERMINED
RRU-27677,RIVERSIDE,PIERCE,2014-03-15,3/16/2014,LOCAL,350,ARSON
BDF-6646,SAN BERNARDINO,ETIWANDA,2014-04-30,5/1/2014,USFS,2200,HUMAN
MVU-10055,SAN DIEGO,BERNARDO,2014-05-13,5/21/2014,LOCAL,1548,EQUIPMENT USE
SBC-5573,SANTA BARBARA,MIGUELITO,2014-05-13,5/16/2014,LOCAL,632,UNDETERMINED
MVU-10242,SAN DIEGO,SAN DIEGO COMPLEX,2014-05-14,5/22/2014,CAL FIRE,2438,UNDETERMINED
CBD-3777,SAN DIEGO,POINSETTIA,2014-05-14,5/17/2014,LOCAL,600,UNDETERMINED
MCP-1363,SAN DIEGO,BASILONE COMPLEX,2014-05-17,5/19/2014,MIL,21240,UNDETERMINED
MMU-8974,MARIPOSA,HUNTER,2014-05-26,6/4/2014,CAL FIRE,677,UNDETERMINED
TCU-4987,TUOLUMNE,59,2014-06-04,6/9/2014,CAL FIRE,402,VEHICLE
SQF-1850,KERN,SHIRLEY,2014-06-13,6/21/2014,USFS,2545,UNDETERMINED
FHL-1693,MONTEREY,STONY,2014-06-19,6/22/2014,MIL,4840,HUMAN
MMU-10597,MERCED,GUN CLUB,2014-06-19,6/19/2014,CAL FIRE,400,DEBRIS BURNING
LNU-5333,NAPA,BUTTS,2014-07-01,7/10/2014,CAL FIRE,4300,EQUIPMENT USE
MDF-344,MODOC,MODOC JULY COMPLEX,2014-07-01,7/7/2014,USFS,2566,LIGHTNING
LNU-5465,YOLO,MONTICELLO,2014-07-04,7/13/2014,CAL FIRE,6488,HUMAN
SHU-6248,SHASTA,BULLY,2014-07-11,7/23/2014,CAL FIRE,12661,VEHICLE
SQF-2381,KERN,NICOLLS,2014-07-11,7/19/2014,USFS,1680,UNDETERMINED
YNP-57,MARIPOSA,DARK HOLE,2014-07-16,8/20/2014,NPS,1077,LIGHTNING
MMU-12965,MERCED,GUN CLUB,2014-07-24,8/2/2014,CAL FIRE,422,HUMAN
AEU-18237,EL DORADO,SAND,2014-07-25,8/3/2014,CAL FIRE,4240,VEHICLE
YNP-83,MARIPOSA,EL PORTAL,2014-07-26,8/4/2014,NPS,4689,UNDETERMINED
MMU-13131,MERCED,KELLEY,2014-07-26,7/26/2014,CAL FIRE,1000,UNDETERMINED
SNF-1619,MADERA,FRENCH,2014-07-28,8/18/2014,USFS,13838,HUMAN
BTU-10700,BUTTE,WEB,2014-07-29,8/27/2014,CAL FIRE,378,EQUIPMENT USE
LNF-3479,SHASTA,BALD,2014-07-30,8/16/2014,USFS,39736,LIGHTNING
KNF-5497,SISKIYOU,KNF BEAVER,2014-07-30,8/30/2014,USFS,32496,LIGHTNING
LMU-3472,MODOC,DAY,2014-07-30,8/13/2014,CAL FIRE,13153,LIGHTNING
MEU-7202,MENDOCINO,LODGE COMPLEX,2014-07-30,9/21/2014,CAL FIRE,12535,LIGHTNING
SHF-2423,TRINITY,COFFEE COMPLEX,2014-07-30,8/31/2014,USFS,6258,LIGHTNING
LNF-3502,SHASTA,EILER,2014-07-31,8/24/2014,USFS,32416,UNDETERMINED
KNF-5575,SISKIYOU,LITTLE DEER,2014-07-31,8/11/2014,USFS,5503,LIGHTNING
KNF-5564,SISKIYOU,JULY COMPLEX,2014-08-03,9/25/2014,USFS,50042,LIGHTNING
LNU-6737,YOLO,THIRTY ONE 2,2014-08-09,8/9/2014,CAL FIRE,370,VEHICLE
KNF-5956,SISKIYOU,HAPPY CAMP COMPLEX,2014-08-14,10/31/2014,USFS,134056,LIGHTNING
YNP-101,MARIPOSA,MEADOW,2014-08-15,9/29/2014,NPS,4772,UNDETERMINED
CND-3148,KERN,WAY,2014-08-18,8/28/2014,USFS,4045,UNDETERMINED
MMU-14633,MADERA,JUNCTION,2014-08-18,8/25/2014,CAL FIRE,612,UNDETERMINED
SHU-7763,TRINITY,OREGON,2014-08-24,8/30/2014,CAL FIRE,461,VEHICLE
SHU-8322,SHASTA,GULCH,2014-09-10,9/15/2014,CAL FIRE,1300,VEHICLE
CNF-2873,ORANGE,SILVERADO,2014-09-12,9/20/2014,USFS,985,UNDETERMINED
ENF-23461,EL DORADO,KING,2014-09-13,10/9/2014,USFS,97717,HUMAN
MEU-8882,MENDOCINO,BLACK,2014-09-13,9/17/2014,CAL FIRE,403,EQUIPMENT USE
MMU-16429,MADERA,COURTNEY,2014-09-14,9/22/2014,CAL FIRE,320,UNDETERMINED
SWR-1266,GLENN,TRACT 17,2014-09-17,9/19/2014,FWS,395,HUMAN
BTU-13428,BUTTE,NELSON,2014-09-18,9/21/2014,CAL FIRE,500,ELECTRICAL POWER
YNP-124,MARIPOSA,DOG ROCK,2014-10-07,10/12/2014,NPS,311,UNDETERMINED
NEU-23454,PLACER,APPLEGATE,2014-10-08,10/22/2014,CAL FIRE,459,UNDETERMINED
BDU-1662,INYO,ROUND,2015-02-06,2/13/2015,CAL FIRE,7000,UNDETERMINED
OVD-107,MONO,VAN DYKE,2015-02-06,2/10/2015,USFS,509,UNDETERMINED
RRU-44605,RIVERSIDE,HIGHWAY,2015-04-18,4/24/2015,CAL FIRE,1049,EQUIPMENT
MCP-1207,SAN DIEGO,CARL,2015-04-28,4/29/2015,DOD,4000,UNDETERMINED
MCP-1210,SAN DIEGO,MORTAR,2015-04-28,4/29/2015,DOD,800,UNDETERMINED
MCP-1212,SAN DIEGO,GRENADE,2015-04-29,5/5/2015,DOD,2025,UNDETERMINED
MMU-8812,MERCED,FOREBAY,2015-05-11,5/12/2015,CAL FIRE,692,VEHICLE
SHF-1371,TRINITY,SADDLE,2015-06-09,6/25/2015,USFS,1542,LIGHTNING
FHL-001570,MONTEREY,PEANUT,2015-06-11,6/11/2015,DOD,1532,UNDETERMINED
BDF-7894,SAN BERNARDINO,LAKE,2015-06-17,7/5/2015,USFS,31359,UNDETERMINED
MMU-11662,MADERA,CORRINE,2015-06-18,6/24/2015,CAL FIRE,920,ELECTRICAL POWER
SNF-1058,MADERA,SKY,2015-06-18,6/26/2015,USFS,500,VEHICLE
SLU-6113,SAN LUIS OBISPO,PARKHILL,2015-06-20,6/20/2015,CAL FIRE,1791,VEHICLE
LAC-173220,LOS ANGELES,CALGROVE,2015-06-24,6/26/2015,LAC,415,UNDETERMINED
AEU-17193,SACRAMENTO,IONE,2015-07-02,7/5/2015,CAL FIRE,357,ARSON
SKU-5078,SISKIYOU,YORK,2015-07-04,7/6/2015,CAL FIRE,395,LIGHTNING
BDF-9001,SAN BERNARDINO,NORTH,2015-07-17,7/21/2015,USFS,4250,UNDETERMINED
MMU-13970,MERCED,MCCABE,2015-07-18,7/22/2015,CAL FIRE,1600,LIGHTNING
SQF-2313,TULARE,CABIN,2015-07-19,9/5/2015,USFS,6980,LIGHTNING
TUU-383,TULARE,TRIPLE 3,2015-07-21,7/21/2015,CAL FIRE,430,LIGHTNING
LNU-6678,NAPA,WRAGG,2015-07-22,8/6/2015,CAL FIRE,8051,VEHICLE
SNF-1689,MADERA,WILLOW,2015-07-25,8/15/2015,USFS,5702,UNDETERMINED
NEU-17851,NEVADA,LOWELL,2015-07-25,8/12/2015,CAL FIRE,2304,UNDETERMINED
LNU-6984,LAKE,ROCKY,2015-07-29,8/14/2015,CAL FIRE,69636,EQUIPMENT
BTU-10917,BUTTE,SWEDES,2015-07-29,8/16/2015,CAL FIRE,400,DEBRIS BURNING
SHF-2066,TRINITY,RIVER COMPLEX,2015-07-30,10/15/2015,USFS,77081,LIGHTNING
SRF-1433,TRINITY,MAD RIVER COMPLEX,2015-07-30,9/3/2015,USFS,37462,LIGHTNING
SHF-2067,TRINITY,FORK COMPLEX,2015-07-30,8/29/2015,USFS,36499,UNDETERMINED
SRF-1476,HUMBOLDT,ROUTE COMPLEX,2015-07-30,8/31/2015,USFS,35675,LIGHTNING
HUU-5606,HUMBOLDT,HUMBOLDT COMPLEX,2015-07-30,8/21/2015,CAL FIRE,4883,LIGHTNING
MDF-570,MODOC,FROG,2015-07-30,8/6/2015,USFS,4863,LIGHTNING
SNF-1746,FRESNO,ROUGH,2015-07-31,12/1/2015,USFS,151623,LIGHTNING
SRF-1488,DEL NORTE,GASQUET COMPLEX,2015-07-31,10/15/2015,USFS,30361,LIGHTNING
MMU-14907,MERCED,CREEK,2015-07-31,7/31/2015,CAL FIRE,1450,VEHICLE
SHF-2108,TRINITY,SOUTH COMPLEX,2015-08-01,10/1/2015,USFS,29416,LIGHTNING
SRF-1470,DEL NORTE,NICKOWITZ,2015-08-01,9/30/2015,USFS,7509,LIGHTNING
NOD-3806,LASSEN,DODGE,2015-08-03,8/17/2015,BLM,10570,HUMAN
LNU-7410,LAKE,JERUSALEM,2015-08-09,8/25/2015,CAL FIRE,25118,UNDETERMINED
RRU-90069,RIVERSIDE,ANZA,2015-08-10,8/15/2015,CAL FIRE,500,HUMAN
MCP-2459,SAN DIEGO,HORNO,2015-08-13,8/17/2015,DOD,1846,HUMAN
INF-1319,MONO,WALKER,2015-08-14,8/31/2015,USFS,3676,UNDETERMINED
ANF-3611,LOS ANGELES,CABIN,2015-08-14,8/20/2015,USFS,1723,UNDETERMINED
SLU-8555,SAN LUIS OBISPO,CUESTA,2015-08-16,9/3/2015,CAL FIRE,2446,VEHICLE
ANF-3651,LOS ANGELES,WARM,2015-08-16,8/19/2015,USFS,300,UNDETERMINED
KRN-30112,KERN,DEER,2015-08-18,8/20/2015,KRN,311,UNDETERMINED
SCU-5524,ALAMEDA,TESLA,2015-08-19,8/25/2015,CAL FIRE,2850,UNDETERMINED
LNU-8268,LAKE,ELK,2015-09-02,9/6/2015,CAL FIRE,700,EQUIPMENT
YNP-123,MARIPOSA,TENAYA,2015-09-07,9/16/2015,USFS,415,UNDETERMINED
AEU-24918,AMADOR,BUTTE,2015-09-09,10/23/2015,CAL FIRE,70868,ELECTRICAL POWER
BTU-13363,BUTTE,LUMPKIN,2015-09-11,9/21/2015,CAL FIRE,1040,ARSON
LNU-8670,LAKE,VALLEY,2015-09-12,10/15/2015,CAL FIRE,76067,ELECTRICAL POWER
BEU-4217,MONTEREY,TASSAJARA,2015-09-19,9/29/2015,CAL FIRE,1086,UNDETERMINED
BTU-14554,BUTTE,MERIDIAN,2015-10-03,10/4/2015,CAL FIRE,860,EQUIPMENT
BEU-4582,SAN BENITO,CIENEGA,2015-10-12,10/16/2015,CAL FIRE,690,ELECTRICAL POWER
VNC-89187,VENTURA,SOLIMAR,2015-12-25,12/28/2015,VNC,1288,UNDETERMINED
SLU-5280,SAN LUIS OBISPO,CAMP ROBERTS,2016-05-18,5/20/2016,MIL,3712,UNDETERMINED
BEU-2369,MONTEREY,METZ,2016-05-22,5/25/2016,CAL FIRE,3876,DEBRIS BURNING
CND-1134,TULARE,CHIMNEY,2016-06-01,6/7/2016,BLM,1324,HUMAN
FHL-1475,MONTEREY,STONY,2016-06-02,6/17/2016,USFS,3000,UNDETERMINED
LPF-1504,MONTEREY,COLEMAN,2016-06-04,6/17/2016,USFS,2520,UNDETERMINED
CND-1171,SAN LUIS OBISPO,SODA,2016-06-04,6/6/2016,BLM,2003,UNDETERMINED
LAC-457,LOS ANGELES,OLD,2016-06-04,6/10/2016,LOCAL,465,UNDETERMINED
KNF-4500,SISKIYOU,PONY,2016-06-07,10/2/2016,USFS,2860,UNDETERMINED
SBC-7344,SANTA BARBARA,SHERPA,2016-06-15,6/23/2016,USFS,7474,UNDETERMINED
MVU-14498,SAN DIEGO,BORDER 3,2016-06-19,7/1/2016,CAL FIRE,7609,UNDETERMINED
LAC-177288,LOS ANGELES,FISH,2016-06-20,7/5/2016,USFS,4253,HUMAN
ANF-2417,LOS ANGELES,RESERVOIR,2016-06-20,7/5/2016,USFS,1146,HUMAN
CND-1415,KERN,ERSKINE,2016-06-23,7/9/2016,USFS,48019,UNDETERMINED
INF-992,MONO,MARINA,2016-06-24,7/4/2016,USFS,654,UNDETERMINED
BTU-7042,PLUMAS,BOULDER COMPLEX,2016-06-25,7/5/2006,USFS,3500,LIGHTNING
MMU-12363,MERCED,DINOSAUR,2016-06-25,6/26/2016,CAL FIRE,1246,VEHICLE
YNP-41,MARIPOSA,LAKES,2016-06-26,10/31/2016,NPS,1001,LIGHTNING
NEU-15200,PLACER,TRAILHEAD,2016-06-28,8/14/2016,CAL FIRE,5645,UNDETERMINED
AEU-17670,SACRAMENTO,RANCHO,2016-06-28,6/30/2016,CAL FIRE,372,VEHICLE
LPF-1986,VENTURA,PINE,2016-06-30,7/17/2016,USFS,2304,UNDETERMINED
TGU-5731,TEHAMA,COLYEAR,2016-06-30,7/6/2016,CAL FIRE,464,ELECTRICAL POWER
FKU-9100,FRESNO,CURRY,2016-07-01,7/4/2016,CAL FIRE,2944,UNDETERMINED
KRN-24109,KERN,DEER,2016-07-01,7/10/2016,CC,1785,UNDETERMINED
TCU-6914,CALAVERAS,APPALOOSA,2016-07-02,7/15/2016,CAL FIRE,310,ELECTRICAL POWER
KRN-25390,KERN,FORT,2016-07-08,7/9/2016,CC,554,UNDETERMINED
SHU-6739,SHASTA,FIDDLER,2016-07-08,7/9/2016,CAL FIRE,303,ARSON
LAC-198015,LOS ANGELES,SAGE,2016-07-09,7/16/2016,CC,1100,CAMPFIRE
TCU-7341,CALAVERAS,PACHECO,2016-07-12,7/18/2016,CAL FIRE,341,EQUIPMENT
MCP-2125,SAN DIEGO,ROBLAR,2016-07-21,7/27/2016,MIL,1245,UNDETERMINED
BEU-3422,MONTEREY,SOBERANES,2016-07-22,8/28/2016,CAL FIRE,103242,CAMPFIRE
ANF-3008,LOS ANGELES,SAND,2016-07-22,8/6/2016,USFS,41383,UNDETERMINED
FKU-10852,FRESNO,GOOSE,2016-07-30,8/9/2016,CAL FIRE,2241,ARSON
LNU-7135,YOLO,COLD,2016-08-02,8/12/2016,CAL FIRE,5731,UNDETERMINED
BTU-11608,BUTTE,99,2016-08-02,8/8/2016,CAL FIRE,520,PLAYING WITH FIRE
INF-1415,MONO,CLARK,2016-08-04,8/12/2016,USFS,2819,LIGHTNING
BDF-10205,SAN BERNARDINO,PILOT,2016-08-07,8/16/2016,USFS,8110,UNDETERMINED
FKU-11358,FRESNO,MINERAL,2016-08-08,8/19/2016,CAL FIRE,7050,ARSON
INF-1457,INYO,HORSESHOE,2016-08-09,8/17/2016,USFS,369,UNDETERMINED
SLU-8948,SAN LUIS OBISPO,CHIMNEY,2016-08-13,9/7/2016,CAL FIRE,46235,VEHICLE
LNU-7582,LAKE,CLAYTON,2016-08-13,9/3/2016,CAL FIRE,3929,ARSON
BDF-10468,SAN BERNARDINO,BLUECUT,2016-08-16,9/8/2016,USFS,36274,UNDETERMINED
SQF-2595,KERN,CEDAR,2016-08-16,9/24/2016,USFS,29322,UNDETERMINED
LPF-2809,SANTA BARBARA,REY,2016-08-18,9/15/2016,USFS,32606,UNDETERMINED
NEU-20037,YUBA,BEALE,2016-08-18,8/19/2016,CAL FIRE,389,MISCELLANEOUS
STF-2257,ALPINE,MOKELUMNE,2016-08-19,9/20/2016,USFS,655,LIGHTNING
HUU-6956,HUMBOLDT,TULLY,2016-08-22,9/9/2016,CAL FIRE,599,ARSON
SQF-2683,TULARE,TULE,2016-08-22,8/22/2016,USFS,395,UNDETERMINED
SKU-7392,SISKIYOU,GRADE,2016-08-24,9/10/2016,CAL FIRE,710,ELECTRICAL POWER
KRN-32226,KERN,RANGE,2016-08-26,8/31/2016,CC,600,HUMAN
KRN-32375,KERN,HAVILA,2016-08-27,8/31/2016,CC,304,UNDETERMINED
TCU-9339,CALAVERAS,WILLOW,2016-08-28,9/4/2016,CAL FIRE,450,VEHICLE
RRU-105125,RIVERSIDE,BOGART,2016-08-30,9/5/2016,CAL FIRE,1470,UNDETERMINED
BTU-13655,BUTTE,SADDLE,2016-09-05,9/22/2016,CAL FIRE,800,VEHICLE
LMU-4695,LASSEN,WILLARD,2016-09-11,10/12/2016,CAL FIRE,2575,UNDETERMINED
LMU-4700,MODOC,HOWARD,2016-09-11,9/15/2016,CAL FIRE,380,RAILROAD
TGU-8080,TAHEMA,HOG,2016-09-13,9/13/2016,CAL FIRE,321,ELECTRICAL POWER
SNF-2154,FRESNO,CROWN,2016-09-15,10/31/2016,USFS,800,LIGHTNING
AFV-3151,SANTA BARBARA,CANYON,2016-09-17,9/24/2016,MIL,12742,UNDETERMINED
INF-1763,MONO,OWENS RIVER,2016-09-17,10/15/2016,USFS,5443,UNDETERMINED
MDF-910,MODOC,SOUP COMPLEX,2016-09-17,10/31/2016,USFS,2722,UNDETERMINED
KRN-35570,KERN,FLAT,2016-09-19,9/22/2016,CC,307,EQUIPMENT
LNU-9129,SONOMA,SAWMILL,2016-09-25,10/1/2016,CAL FIRE,1547,UNDETERMINED
SCU-6912,SANTA CLARA,LOMA,2016-09-26,11/8/2016,CAL FIRE,4474,UNDETERMINED
TCU-10403,TUOLUMNE,MARSHES,2016-09-26,10/4/2016,CAL FIRE,1080,VEHICLE
SQF-3261,TULARE,SLATE,2016-10-04,11/5/2016,USFS,2160,LIGHTNING
SNF-2370,FRESNO,SACATA,2016-10-11,10/19/2016,USFS,2100,UNDETERMINED
SQF-3384,TULARE,JACOBSON,2016-10-20,11/1/2016,USFS,1702,UNDETERMINED
SQF-3456,TULARE,MEADOW,2016-10-29,11/22/2016,USFS,4347,LIGHTNING
SQF-3464,TULARE,HIDDEN,2016-11-02,11/23/2016,USFS,2768,LIGHTNING
NOD-1810,MODOC,WEST,2017-04-01,4/1/2017,BLM,401,HUMAN
FKU-5281,FRESNO,JAYNE,2017-04-20,4/21/2017,CAL FIRE,4533,EQUIPMENT USE
FKU-5669,FRESNO,EL DORADO,2017-04-28,4/28/2017,CAL FIRE,750,UNDETERMINED
RRU-53193,RIVERSIDE,OPERA,2017-04-30,5/2/2017,CAL FIRE,1350,UNDETERMINED
MMU-9464,MERCED,WRIGHT,2017-05-12,5/13/2017,CAL FIRE,1680,UNDETERMINED
FKU-6727,FRESNO,ELM 2,2017-05-18,5/21/2017,CAL FIRE,10000,ELECTRICAL POWER
MCP-1494,SAN DIEGO,DELUZ,2017-05-19,5/22/2017,DOD,486,HUMAN
MVU-12098,SAN DIEGO,GATE,2017-05-20,5/22/2017,CAL FIRE,2056,UNDETERMINED
KRN-18713,KERN,MING,2017-05-20,5/21/2017,CC,506,UNDER INVESTIGATION
TUU-286,TULARE,DINELY,2017-06-07,6/10/2017,CAL FIRE,339,EQUIPMENT USE
MMU-11650,MADERA,OAKWOOD,2017-06-10,6/13/2017,CAL FIRE,1417,SHOOTING
FKU-8044,FRESNO,MONTEREY,2017-06-11,6/11/2017,CAL FIRE,450,SHOOTING
ANF-2273,LOS ANGELES,LAKE,2017-06-17,6/23/2017,USFS,800,UNDER INVESTIGATION
SQF-1223,KERN,HIGHWAY,2017-06-21,6/25/2017,USFS,1522,UNDER INVESTIGATION
BDF-9443,SAN BERNARDINO,HOLCOMB,2017-06-21,6/29/2017,USFS,1503,UNDER INVESTIGATION
FKU-8759,FRESNO,CREEK,2017-06-23,6/27/2017,CAL FIRE,357,DEBRIS BURNING
SQF-1317,TULARE,SCHAEFFER,2017-06-24,8/5/2017,USFS,16031,LIGHTNING
LAC-187296,LOS ANGELES,PLACERITA,2017-06-25,6/28/2017,LOCAL,870,UNDER INVESTIGATION
RRU-78840,RIVERSIDE,MANZANITA,2017-06-26,6/30/2017,CAL FIRE,6309,VEHICLE
SLU-7101,SAN LUIS OBISPO,HILL,2017-06-26,6/28/2017,CAL FIRE,1626,VEHICLE
BDF-9802,SAN BERNARDINO,MART,2017-06-27,7/1/2017,USFS,670,UNDER INVESTIGATION
MCP-172047,SAN DIEGO,CRISTIANITOS,2017-06-28,7/1/2017,DOD,761,UNDER INVESTIGATION
MDF-415,MODOC,BATTLE,2017-06-28,7/1/2017,USFS,640,UNDER INVESTIGATION
MMU-13022,MARIPOSA,BEN,2017-06-28,7/6/2017,CAL FIRE,558,VEHICLE
KRN-24894,KERN,TARINA,2017-06-30,7/1/2017,CC,1200,UNDER INVESTIGATION
FKU-9289,FRESNO,DERRICK,2017-07-02,7/5/2017,CAL FIRE,1562,UNDETERMINED
SKU-4779,SISKIYOU,FAY,2017-07-05,7/31/2017,CAL FIRE,496,MISCELLANEOUS
SLU-7624,SAN LUIS OBISPO,ALAMO,2017-07-06,7/22/2017,CAL FIRE,28687,UNDER INVESTIGATION
KRN-26708,KERN,QUAL COMPLEX,2017-07-06,7/6/2017,CC,1626,UNDER INVESTIGATION
BTU-10975,BUTTE,WALL,2017-07-07,8/3/2017,CAL FIRE,6033,ELECTRICAL POWER
LPF-1770,SANTA BARBARA,WHITTIER,2017-07-08,10/5/2017,USFS,18430,UNDER INVESTIGATION
BEU-3551,MONTEREY,PARKFIELD,2017-07-08,7/8/2017,CAL FIRE,1816,ELECTRICAL POWER
FKU-9755,KINGS,GARZA,2017-07-09,7/25/2017,CAL FIRE,70000,EQUIPMENT USE
LNU-6262,YOLO,WINTER,2017-07-09,7/12/2017,CAL FIRE,2269,UNDER INVESTIGATION
SLU-7792,SAN LUIS OBISPO,STONE,2017-07-09,7/11/2017,CAL FIRE,340,EQUIPMENT USE
HTF-30363,NEVADA,FARAD,2017-07-10,7/16/2017,USFS,747,UNDER INVESTIGATION
NOD-30366,LASSEN,LONG VALLEY,2017-07-11,7/25/2017,BLM,83733,UNDER INVESTIGATION
MVU-16909,SAN DIEGO,JENNINGS 2,2017-07-11,7/14/2017,CAL FIRE,400,VEHICLE
MDF-541,MODOC,DOBE,2017-07-13,7/31/2017,USFS,410,HUMAN
BDU-9854,SAN BERNARDINO,BRIDGE 2,2017-07-14,7/18/2017,CAL FIRE,460,UNDETERMINED
MMU-14474,MARIPOSA,DETWILER,2017-07-16,8/31/2017,CAL FIRE,100000,SHOOTING
FKU-10248,FRESNO,PARK,2017-07-17,7/30/2017,CAL FIRE,1649,EQUIPMENT USE
KRN-27936,KERN,HUDSON,2017-07-18,7/18/2017,LOCAL,1083,UNDER INVESTIGATION
SRF-703,SISKIYOU,MARBLE,2017-07-19,7/28/2017,USFS,319,UNDER INVESTIGATION
TUU-420,TULARE,ELEPHANT 2,2017-07-20,7/21/2017,CAL FIRE,416,ARSON
MDF-671,MODOC,MODOC JULY COMPLEX,2017-07-24,8/13/2017,USFS,83120,UNDER INVESTIGATION
SRF-741,SISKIYOU,ORLEANS COMPLEX,2017-07-25,10/12/2017,USFS,27276,LIGHTNING
AEU-21652,SACRAMENTO,LATROBE,2017-07-26,7/28/2017,CAL FIRE,1268,DEBRIS BURNING
NOD-4279,WASHOE,R-21,2017-07-26,7/27/2017,BLM,589,LIGHTNING
PNF-1043,PLUMAS,MINERVA 5,2017-07-29,8/16/2017,USFS,4310,UNDER INVESTIGATION
TCU-9024,TOULUMNE,JACKSONVILLE,2017-07-29,8/4/2017,CAL FIRE,675,UNDETERMINED
TUU-441,TULARE,ROADRUNNER,2017-07-30,7/31/2017,CAL FIRE,2289,ARSON
SQF-1989,KERN,GARDEN,2017-07-30,8/9/2017,USFS,450,HUMAN
STF-2452,TUOLUMNE,SUMMIT COMPLEX,2017-07-31,11/30/2017,USFS,5248,UNDER INVESTIGATION
INF-1235,MONO,GRANT,2017-07-31,8/3/2017,USFS,400,LIGHTNING
YNP-84,MARIPOSA,EMPIRE,2017-08-01,8/1/2017,NPS,6370,LIGHTNING
LPF-2123,SAN LUIS OBISPO,RED,2017-08-02,8/3/2017,USFS,450,UNDER INVESTIGATION
MDF-862,MODOC,PARKER 2,2017-08-03,8/14/2017,USFS,7697,LIGHTNING
INF-1264,TULARE,INDIAN,2017-08-03,8/29/2017,USFS,2295,LIGHTNING
BDU-10918,SAN BERNARDINO,BRYANT 2,2017-08-03,8/14/2017,CAL FIRE,325,UNDETERMINED
TNF-992,PLUMAS,CHILCOOT,2017-08-06,8/8/2017,USFS,1021,LIGHTNING
PNF-1145,LASSEN,POSLIN,2017-08-06,8/9/2017,USFS,860,LIGHTNING
SRF-863,DEL NORTE,YOUNG,2017-08-07,10/15/2017,USFS,21377,UNDER INVESTIGATION
SNF-1476,MADERA,BUTTE,2017-08-07,8/17/2017,USFS,635,LIGHTNING
SRF-897,TRINITY,RUTH COMPLEX,2017-08-09,8/25/2017,USFS,4736,LIGHTNING
KRN-31474,KERN,ROSE,2017-08-10,8/10/2017,CC,338,HUMAN
YNP-108,MARIPOSA,SOUTH FORK,2017-08-13,8/13/2017,NPS,7000,UNDER INVESTIGATION
RRU-99747,RIVERSIDE,BLAINE,2017-08-13,8/16/2017,CAL FIRE,1500,UNDETERMINED
RSF-647,JACKSON (OR),MILLER COMPLEX,2017-08-14,11/30/2017,USFS,39716,UNDER INVESTIGATION
RRU-100591,RIVERSIDE,MIAS,2017-08-14,8/18/2017,CAL FIRE,600,ELECTRICAL POWER
KNF-6098,SISKIYOU,ECLIPSE COMPLEX,2017-08-15,10/10/2017,USFS,78698,LIGHTNING
NEU-21927,YUBA,BEALE,2017-08-20,8/20/2017,CAL FIRE,950,UNDER INVESTIGATION
MDF-1101,MODOC,JONES,2017-08-23,8/27/2017,USFS,375,LIGHTNING
MDF-1102,MODOC,BOLES,2017-08-23,9/4/2017,USFS,371,LIGHTNING
SQF-2385,TULARE,PIER,2017-08-29,9/24/2017,USFS,36556,HUMAN
SNF-1743,MADERA,RAILROAD,2017-08-29,9/15/2017,USFS,12407,UNDER INVESTIGATION
OVD-1478,MONO,SLINKARD,2017-08-29,9/11/2017,BLM,8925,LIGHTNING
NOD-5152,LASSEN,MUD,2017-08-29,9/1/2017,BLM,6042,LIGHTNING
BTU-13737,BUTTE,PONDEROSA,2017-08-29,9/9/2017,CAL FIRE,4016,HUMAN
SHF-1770,TRINITY,HELENA,2017-08-30,10/19/2017,USFS,21449,HUMAN
NOD-5180,WASHOE (NV),R-4,2017-08-30,9/18/2017,BLM,18618,LIGHTNING
NEU-22877,NEVADA,PLEASANT,2017-08-30,9/3/2017,CAL FIRE,392,UNDER INVESTIGATION
LFD-965,LOS ANGELES,LA TUNA,2017-09-01,9/8/2017,LOCAL,7194,UNDER INVESTIGATION
SQF-2435,KERN,CALDWELL,2017-09-01,9/6/2017,USFS,1319,LIGHTNING
RRU-108660,RIVERSIDE,PALMER,2017-09-02,9/9/2017,CAL FIRE,3800,PLAYING WITH FIRE
STF-2590,TUOLUMNE,CREEK,2017-09-03,11/20/2017,USFS,1749,LIGHTNING
MMU-18115,MADERA,MISSION,2017-09-03,9/13/2017,CAL FIRE,1037,ELECTRICAL POWER
MMU-18116,MADERA,PEAK,2017-09-03,9/9/2017,CAL FIRE,680,VEHICLE
PNF-1488,PLUMAS,EUREKA,2017-09-05,10/31/2017,USFS,437,LIGHTNING
ENF-26677,EL DORADO,TABLE,2017-09-08,10/17/2017,USFS,426,UNDER INVESTIGATION
SHF-1850,TRINITY,BUCK,2017-09-12,11/5/2017,USFS,13434,LIGHTNING
SHU-9460,SHASTA,BERRY,2017-09-12,9/26/2017,CAL FIRE,995,LIGHTNING
MMU-19222,MADERA,EASTMAN,2017-09-18,9/19/2017,CAL FIRE,483,ELECTRICAL POWER
SQF-2753,TULARE,LION,2017-09-24,11/27/2017,USFS,19215,LIGHTNING
SBC-12621,SANTA BARBARA,RUCKER,2017-09-29,10/4/2017,LOCAL,444,HUMAN
ORC-1478,ORANGE,CANYON,2017-09-30,10/3/2017,CC,2662,UNDER INVESTIGATION
BTU-15933,BUTTE,CHEROKEE,2017-10-08,11/5/2017,CAL FIRE,8500,ELECTRICAL POWER
LNU-10093,SONOMA,CENTRAL LNU COMPLEX,2017-10-09,10/31/2017,CAL FIRE,110720,UNDER INVESTIGATION
LNU-10095,NAPA,SOUTHERN LNU COMPLEX,2017-10-09,10/28/2017,CAL FIRE,51624,UNDER INVESTIGATION
MEU-12169,MENDOCINO,MENDOCINO LAKE COMPLEX,2017-10-09,10/26/2017,CAL FIRE,38730,UNDER INVESTIGATION
NEU-26295,NEVADA,NEU WIND COMPLEX,2017-10-09,10/18/2017,CAL FIRE,17037,UNDER INVESTIGATION
ORC-110494,ORANGE,CANYON 2,2017-10-09,10/17/2017,CC,9217,UNDER INVESTIGATION
MRN-2957,SONOMA,THIRTY SEVEN,2017-10-09,10/12/2017,CAL FIRE,1660,UNDER INVESTIGATION
CZU-7822,SANTA CRUZ,BEAR,2017-10-16,10/29/2017,CAL FIRE,391,ARSON
CNF-3839,RIVERSIDE,WILDOMAR,2017-10-26,11/1/2017,USFS,866,UNDER INVESTIGATION
HTF-30870,MONO,CHRIS,2017-11-13,11/16/2017,USFS,370,UNDER INVESTIGATION
VNC,VENTURA,THOMAS,2017-12-04,12/15/2017,CC,238500,UNDER
LAC-362189,LOS ANGELES,CREEK,2017-12-05,12/15/2017,LOCAL,15619,UNDER INVESTIGATION
N/A,N/A,RYE,2017-12-05,12/12/2017,N/A,6049,N/A
N/A,N/A,Skirball,2017-12-06,12/11/2017,N/A,422,N/A
N/A,N/A,LILAC,2017-12-07,12/13/2017,N/A,4100,N/A
